waveform,V_S,V_C
t0,5/26/2021  09:48:52.298047,5/26/2021  09:48:52.298048
delta t,1.650000E-6,1.650000E-6

time,V_S,V_C
5/26/2021  09:48:52.298047,4.740015E+0,1.398559E-2
5/26/2021  09:48:52.298049,-1.188965E-2,2.598445E-2
5/26/2021  09:48:52.298051,-1.156756E-2,3.832155E-2
5/26/2021  09:48:52.298052,-1.092337E-2,4.999832E-2
5/26/2021  09:48:52.298054,-9.634999E-3,6.103086E-2
5/26/2021  09:48:52.298056,-9.634999E-3,7.116149E-2
5/26/2021  09:48:52.298057,-9.312906E-3,8.043852E-2
5/26/2021  09:48:52.298059,-7.380350E-3,8.882972E-2
5/26/2021  09:48:52.298061,-7.380350E-3,9.622237E-2
5/26/2021  09:48:52.298062,-6.091980E-3,1.025681E-1
5/26/2021  09:48:52.298064,-4.803609E-3,1.078831E-1
5/26/2021  09:48:52.298066,-4.159424E-3,1.121512E-1
5/26/2021  09:48:52.298067,-3.837331E-3,1.153402E-1
5/26/2021  09:48:52.298069,-2.871053E-3,1.174018E-1
5/26/2021  09:48:52.298070,-1.260590E-3,1.184165E-1
5/26/2021  09:48:52.298072,-2.943116E-4,1.184487E-1
5/26/2021  09:48:52.298074,6.719664E-4,1.173051E-1
5/26/2021  09:48:52.298075,1.960337E-3,1.152919E-1
5/26/2021  09:48:52.298077,1.960337E-3,1.121834E-1
5/26/2021  09:48:52.298079,3.570801E-3,1.082536E-1
5/26/2021  09:48:52.298080,4.214986E-3,1.034862E-1
5/26/2021  09:48:52.298082,5.181264E-3,9.791350E-2
5/26/2021  09:48:52.298084,5.503357E-3,9.159995E-2
5/26/2021  09:48:52.298085,6.469635E-3,8.460996E-2
5/26/2021  09:48:52.298087,6.791727E-3,7.704016E-2
5/26/2021  09:48:52.298089,7.113820E-3,6.900330E-2
5/26/2021  09:48:52.298090,7.435913E-3,6.057990E-2
5/26/2021  09:48:52.298092,7.758005E-3,5.172165E-2
5/26/2021  09:48:52.298094,7.113820E-3,4.271845E-2
5/26/2021  09:48:52.298095,8.402191E-3,3.348979E-2
5/26/2021  09:48:52.298097,8.080098E-3,2.419670E-2
5/26/2021  09:48:52.298099,7.758005E-3,1.485531E-2
5/26/2021  09:48:52.298100,7.758005E-3,5.691089E-3
5/26/2021  09:48:52.298102,8.402191E-3,-3.376491E-3
5/26/2021  09:48:52.298103,8.080098E-3,-1.223469E-2
5/26/2021  09:48:52.298105,7.758005E-3,-2.067413E-2
5/26/2021  09:48:52.298107,7.113820E-3,-2.887198E-2
5/26/2021  09:48:52.298108,6.469635E-3,-3.653833E-2
5/26/2021  09:48:52.298110,6.469635E-3,-4.372151E-2
5/26/2021  09:48:52.298112,6.147542E-3,-5.030878E-2
5/26/2021  09:48:52.298113,5.825449E-3,-5.634844E-2
5/26/2021  09:48:52.298115,4.537079E-3,-6.179219E-2
5/26/2021  09:48:52.298117,4.214986E-3,-6.647897E-2
5/26/2021  09:48:52.298118,3.570801E-3,-7.050541E-2
5/26/2021  09:48:52.298120,3.248708E-3,-7.383930E-2
5/26/2021  09:48:52.298122,2.282430E-3,-7.648065E-2
5/26/2021  09:48:52.298123,1.638244E-3,-7.833281E-2
5/26/2021  09:48:52.298125,1.316152E-3,-7.950853E-2
5/26/2021  09:48:52.298127,2.778109E-5,-7.992728E-2
5/26/2021  09:48:52.298128,-2.943116E-4,-7.957295E-2
5/26/2021  09:48:52.298130,-1.260590E-3,-7.867103E-2
5/26/2021  09:48:52.298132,-1.582682E-3,-7.706045E-2
5/26/2021  09:48:52.298133,-2.226868E-3,-7.480565E-2
5/26/2021  09:48:52.298135,-2.548960E-3,-7.190661E-2
5/26/2021  09:48:52.298136,-3.515238E-3,-6.845998E-2
5/26/2021  09:48:52.298138,-3.837331E-3,-6.461070E-2
5/26/2021  09:48:52.298140,-4.159424E-3,-6.019772E-2
5/26/2021  09:48:52.298141,-5.447794E-3,-5.525325E-2
5/26/2021  09:48:52.298143,-4.803609E-3,-5.003498E-2
5/26/2021  09:48:52.298145,-5.447794E-3,-4.455901E-2
5/26/2021  09:48:52.298146,-5.769887E-3,-3.879314E-2
5/26/2021  09:48:52.298148,-5.769887E-3,-3.280179E-2
5/26/2021  09:48:52.298150,-6.091980E-3,-2.664938E-2
5/26/2021  09:48:52.298151,-6.414072E-3,-2.033591E-2
5/26/2021  09:48:52.298153,-6.091980E-3,-1.410296E-2
5/26/2021  09:48:52.298155,-6.091980E-3,-7.886119E-3
5/26/2021  09:48:52.298156,-6.414072E-3,-1.685379E-3
5/26/2021  09:48:52.298158,-5.769887E-3,4.305987E-3
5/26/2021  09:48:52.298160,-5.769887E-3,1.018462E-2
5/26/2021  09:48:52.298161,-5.447794E-3,1.577334E-2
5/26/2021  09:48:52.298163,-4.803609E-3,2.116880E-2
5/26/2021  09:48:52.298165,-5.125702E-3,2.625825E-2
5/26/2021  09:48:52.298166,-4.481516E-3,3.094506E-2
5/26/2021  09:48:52.298168,-4.481516E-3,3.527754E-2
5/26/2021  09:48:52.298169,-3.515238E-3,3.917516E-2
5/26/2021  09:48:52.298171,-3.515238E-3,4.265403E-2
5/26/2021  09:48:52.298173,-3.837331E-3,4.568194E-2
5/26/2021  09:48:52.298174,-2.548960E-3,4.817835E-2
5/26/2021  09:48:52.298176,-2.548960E-3,5.025601E-2
5/26/2021  09:48:52.298178,-2.226868E-3,5.189881E-2
5/26/2021  09:48:52.298179,-9.384969E-4,5.301012E-2
5/26/2021  09:48:52.298181,-9.384969E-4,5.357383E-2
5/26/2021  09:48:52.298183,-9.384969E-4,5.370267E-2
5/26/2021  09:48:52.298184,3.498738E-4,5.341277E-2
5/26/2021  09:48:52.298186,6.719664E-4,5.254305E-2
5/26/2021  09:48:52.298188,9.940591E-4,5.130289E-2
5/26/2021  09:48:52.298189,1.638244E-3,4.964399E-2
5/26/2021  09:48:52.298191,2.282430E-3,4.750190E-2
5/26/2021  09:48:52.298193,1.638244E-3,4.515044E-2
5/26/2021  09:48:52.298194,1.638244E-3,4.234802E-2
5/26/2021  09:48:52.298196,2.604523E-3,3.927179E-2
5/26/2021  09:48:52.298198,2.604523E-3,3.593788E-2
5/26/2021  09:48:52.298199,3.248708E-3,3.226574E-2
5/26/2021  09:48:52.298201,3.248708E-3,2.849697E-2
5/26/2021  09:48:52.298202,2.926615E-3,2.450271E-2
5/26/2021  09:48:52.298204,3.570801E-3,2.044404E-2
5/26/2021  09:48:52.298206,3.570801E-3,1.630484E-2
5/26/2021  09:48:52.298207,3.248708E-3,1.211732E-2
5/26/2021  09:48:52.298209,3.892893E-3,7.897588E-3
5/26/2021  09:48:52.298211,3.570801E-3,3.677860E-3
5/26/2021  09:48:52.298212,3.570801E-3,-3.969137E-4
5/26/2021  09:48:52.298214,3.570801E-3,-4.439475E-3
5/26/2021  09:48:52.298216,3.570801E-3,-8.385399E-3
5/26/2021  09:48:52.298217,3.248708E-3,-1.204142E-2
5/26/2021  09:48:52.298219,2.604523E-3,-1.564912E-2
5/26/2021  09:48:52.298221,2.926615E-3,-1.895081E-2
5/26/2021  09:48:52.298222,2.282430E-3,-2.193038E-2
5/26/2021  09:48:52.298224,2.282430E-3,-2.482943E-2
5/26/2021  09:48:52.298226,2.604523E-3,-2.734193E-2
5/26/2021  09:48:52.298227,1.960337E-3,-2.961285E-2
5/26/2021  09:48:52.298229,1.316152E-3,-3.149722E-2
5/26/2021  09:48:52.298231,1.316152E-3,-3.309170E-2
5/26/2021  09:48:52.298232,6.719664E-4,-3.438016E-2
5/26/2021  09:48:52.298234,6.719664E-4,-3.536261E-2
5/26/2021  09:48:52.298235,6.719664E-4,-3.599074E-2
5/26/2021  09:48:52.298237,2.778109E-5,-3.623232E-2
5/26/2021  09:48:52.298239,-2.943116E-4,-3.620011E-2
5/26/2021  09:48:52.298240,-6.164043E-4,-3.581357E-2
5/26/2021  09:48:52.298242,-9.384969E-4,-3.520155E-2
5/26/2021  09:48:52.298244,-9.384969E-4,-3.425131E-2
5/26/2021  09:48:52.298245,-1.582682E-3,-3.299506E-2
5/26/2021  09:48:52.298247,-1.582682E-3,-3.149722E-2
5/26/2021  09:48:52.298249,-1.260590E-3,-2.980612E-2
5/26/2021  09:48:52.298250,-1.582682E-3,-2.780900E-2
5/26/2021  09:48:52.298252,-2.871053E-3,-2.569914E-2
5/26/2021  09:48:52.298254,-2.226868E-3,-2.339601E-2
5/26/2021  09:48:52.298255,-2.548960E-3,-2.091572E-2
5/26/2021  09:48:52.298257,-2.871053E-3,-1.829047E-2
5/26/2021  09:48:52.298259,-2.548960E-3,-1.561691E-2
5/26/2021  09:48:52.298260,-2.871053E-3,-1.281450E-2
5/26/2021  09:48:52.298262,-2.871053E-3,-1.002819E-2
5/26/2021  09:48:52.298264,-2.871053E-3,-7.177463E-3
5/26/2021  09:48:52.298265,-2.871053E-3,-4.310628E-3
5/26/2021  09:48:52.298267,-3.193146E-3,-1.556533E-3
5/26/2021  09:48:52.298268,-3.193146E-3,1.197563E-3
5/26/2021  09:48:52.298270,-2.548960E-3,3.887236E-3
5/26/2021  09:48:52.298272,-2.871053E-3,6.464169E-3
5/26/2021  09:48:52.298273,-2.548960E-3,8.928361E-3
5/26/2021  09:48:52.298275,-1.904775E-3,1.127981E-2
5/26/2021  09:48:52.298277,-1.904775E-3,1.345410E-2
5/26/2021  09:48:52.298278,-2.226868E-3,1.543512E-2
5/26/2021  09:48:52.298280,-2.226868E-3,1.731950E-2
5/26/2021  09:48:52.298282,-2.226868E-3,1.886567E-2
5/26/2021  09:48:52.298283,-1.904775E-3,2.028298E-2
5/26/2021  09:48:52.298285,-1.904775E-3,2.157145E-2
5/26/2021  09:48:52.298287,-1.260590E-3,2.255391E-2
5/26/2021  09:48:52.298288,-6.164043E-4,2.339141E-2
5/26/2021  09:48:52.298290,-6.164043E-4,2.392290E-2
5/26/2021  09:48:52.298292,-6.164043E-4,2.424502E-2
5/26/2021  09:48:52.298293,-2.943116E-4,2.435776E-2
5/26/2021  09:48:52.298295,2.778109E-5,2.424502E-2
5/26/2021  09:48:52.298297,3.498738E-4,2.390680E-2
5/26/2021  09:48:52.298298,-2.943116E-4,2.340752E-2
5/26/2021  09:48:52.298300,2.778109E-5,2.269886E-2
5/26/2021  09:48:52.298301,1.316152E-3,2.179693E-2
5/26/2021  09:48:52.298303,3.498738E-4,2.070173E-2
5/26/2021  09:48:52.298305,9.940591E-4,1.949379E-2
5/26/2021  09:48:52.298306,6.719664E-4,1.810869E-2
5/26/2021  09:48:52.298308,6.719664E-4,1.665916E-2
5/26/2021  09:48:52.298310,1.316152E-3,1.511300E-2
5/26/2021  09:48:52.298311,1.316152E-3,1.335747E-2
5/26/2021  09:48:52.298313,9.940591E-4,1.156972E-2
5/26/2021  09:48:52.298315,1.638244E-3,9.733653E-3
5/26/2021  09:48:52.298316,1.316152E-3,7.817059E-3
5/26/2021  09:48:52.298318,9.940591E-4,5.980994E-3
5/26/2021  09:48:52.298320,9.940591E-4,4.016082E-3
5/26/2021  09:48:52.298321,1.960337E-3,2.099489E-3
5/26/2021  09:48:52.298323,9.940591E-4,2.312134E-4
5/26/2021  09:48:52.298325,1.638244E-3,-1.588745E-3
5/26/2021  09:48:52.298326,1.960337E-3,-3.424808E-3
5/26/2021  09:48:52.298328,1.316152E-3,-5.067601E-3
5/26/2021  09:48:52.298330,1.638244E-3,-6.662077E-3
5/26/2021  09:48:52.298331,1.316152E-3,-8.192130E-3
5/26/2021  09:48:52.298333,9.940591E-4,-9.641653E-3
5/26/2021  09:48:52.298334,9.940591E-4,-1.096233E-2
5/26/2021  09:48:52.298336,6.719664E-4,-1.215416E-2
5/26/2021  09:48:52.298338,9.940591E-4,-1.323325E-2
5/26/2021  09:48:52.298339,9.940591E-4,-1.413517E-2
5/26/2021  09:48:52.298341,6.719664E-4,-1.487604E-2
5/26/2021  09:48:52.298343,6.719664E-4,-1.550417E-2
5/26/2021  09:48:52.298344,2.778109E-5,-1.593902E-2
5/26/2021  09:48:52.298346,3.498738E-4,-1.626114E-2
5/26/2021  09:48:52.298348,3.498738E-4,-1.648662E-2
5/26/2021  09:48:52.298349,-2.943116E-4,-1.648662E-2
5/26/2021  09:48:52.298351,-2.943116E-4,-1.630946E-2
5/26/2021  09:48:52.298353,-9.384969E-4,-1.605176E-2
5/26/2021  09:48:52.298354,-2.943116E-4,-1.566523E-2
5/26/2021  09:48:52.298356,-6.164043E-4,-1.513373E-2
5/26/2021  09:48:52.298358,-1.582682E-3,-1.445729E-2
5/26/2021  09:48:52.298359,-6.164043E-4,-1.373253E-2
5/26/2021  09:48:52.298361,-1.260590E-3,-1.284671E-2
5/26/2021  09:48:52.298363,-9.384969E-4,-1.194478E-2
5/26/2021  09:48:52.298364,-1.260590E-3,-1.086569E-2
5/26/2021  09:48:52.298366,-1.582682E-3,-9.738288E-3
5/26/2021  09:48:52.298367,-1.582682E-3,-8.643092E-3
5/26/2021  09:48:52.298369,-1.582682E-3,-7.402945E-3
5/26/2021  09:48:52.298371,-9.384969E-4,-6.130585E-3
5/26/2021  09:48:52.298372,-1.260590E-3,-4.890437E-3
5/26/2021  09:48:52.298374,-6.164043E-4,-3.585866E-3
5/26/2021  09:48:52.298376,-1.260590E-3,-2.265189E-3
5/26/2021  09:48:52.298377,-1.582682E-3,-1.025041E-3
5/26/2021  09:48:52.298379,-1.260590E-3,2.795309E-4
5/26/2021  09:48:52.298381,-1.260590E-3,1.406939E-3
5/26/2021  09:48:52.298382,-1.582682E-3,2.582664E-3
5/26/2021  09:48:52.298384,-1.260590E-3,3.693966E-3
5/26/2021  09:48:52.298386,-1.260590E-3,4.773056E-3
5/26/2021  09:48:52.298387,-1.260590E-3,5.819935E-3
5/26/2021  09:48:52.298389,-1.260590E-3,6.754074E-3
5/26/2021  09:48:52.298391,-2.943116E-4,7.607683E-3
5/26/2021  09:48:52.298392,-1.260590E-3,8.412974E-3
5/26/2021  09:48:52.298394,-6.164043E-4,9.041102E-3
5/26/2021  09:48:52.298396,-1.260590E-3,9.556489E-3
5/26/2021  09:48:52.298397,-1.260590E-3,1.012019E-2
5/26/2021  09:48:52.298399,-2.943116E-4,1.045842E-2
5/26/2021  09:48:52.298400,-2.943116E-4,1.076443E-2
5/26/2021  09:48:52.298402,-6.164043E-4,1.094159E-2
5/26/2021  09:48:52.298404,-2.943116E-4,1.098991E-2
5/26/2021  09:48:52.298405,-2.943116E-4,1.095770E-2
5/26/2021  09:48:52.298407,2.778109E-5,1.086106E-2
5/26/2021  09:48:52.298409,2.778109E-5,1.065169E-2
5/26/2021  09:48:52.298410,6.719664E-4,1.031346E-2
5/26/2021  09:48:52.298412,2.778109E-5,1.000745E-2
5/26/2021  09:48:52.298414,2.778109E-5,9.475959E-3
5/26/2021  09:48:52.298415,3.498738E-4,8.912255E-3
5/26/2021  09:48:52.298417,3.498738E-4,8.316339E-3
5/26/2021  09:48:52.298419,6.719664E-4,7.672106E-3
5/26/2021  09:48:52.298420,2.778109E-5,6.995661E-3
5/26/2021  09:48:52.298422,3.498738E-4,6.190369E-3
5/26/2021  09:48:52.298424,3.498738E-4,5.385078E-3
5/26/2021  09:48:52.298425,9.940591E-4,4.547575E-3
5/26/2021  09:48:52.298427,2.778109E-5,3.742283E-3
5/26/2021  09:48:52.298429,6.719664E-4,2.904780E-3
5/26/2021  09:48:52.298430,6.719664E-4,2.035066E-3
5/26/2021  09:48:52.298432,3.498738E-4,1.133140E-3
5/26/2021  09:48:52.298433,1.316152E-3,2.634250E-4
5/26/2021  09:48:52.298435,3.498738E-4,-5.418661E-4
5/26/2021  09:48:52.298437,2.778109E-5,-1.379369E-3
5/26/2021  09:48:52.298438,6.719664E-4,-2.136342E-3
5/26/2021  09:48:52.298440,3.498738E-4,-2.925528E-3
5/26/2021  09:48:52.298442,2.778109E-5,-3.634184E-3
5/26/2021  09:48:52.298443,6.719664E-4,-4.294522E-3
5/26/2021  09:48:52.298445,6.719664E-4,-4.858226E-3
5/26/2021  09:48:52.298447,2.778109E-5,-5.421929E-3
5/26/2021  09:48:52.298448,3.498738E-4,-5.905104E-3
5/26/2021  09:48:52.298450,3.498738E-4,-6.339961E-3
5/26/2021  09:48:52.298452,3.498738E-4,-6.678183E-3
5/26/2021  09:48:52.298453,3.498738E-4,-6.984194E-3
5/26/2021  09:48:52.298455,2.778109E-5,-7.177463E-3
5/26/2021  09:48:52.298457,-6.164043E-4,-7.386839E-3
5/26/2021  09:48:52.298458,-6.164043E-4,-7.467368E-3
5/26/2021  09:48:52.298460,3.498738E-4,-7.483474E-3
5/26/2021  09:48:52.298462,-2.943116E-4,-7.419051E-3
5/26/2021  09:48:52.298463,2.778109E-5,-7.338521E-3
5/26/2021  09:48:52.298465,-2.943116E-4,-7.225781E-3
5/26/2021  09:48:52.298466,-9.384969E-4,-6.984194E-3
5/26/2021  09:48:52.298468,-9.384969E-4,-6.678183E-3
5/26/2021  09:48:52.298470,-6.164043E-4,-6.372173E-3
5/26/2021  09:48:52.298471,-6.164043E-4,-5.969527E-3
5/26/2021  09:48:52.298473,-6.164043E-4,-5.534670E-3
5/26/2021  09:48:52.298475,-2.943116E-4,-5.099813E-3
5/26/2021  09:48:52.298476,-6.164043E-4,-4.600533E-3
5/26/2021  09:48:52.298478,-9.384969E-4,-4.069041E-3
5/26/2021  09:48:52.298480,-1.260590E-3,-3.505337E-3
5/26/2021  09:48:52.298481,-2.943116E-4,-2.957739E-3
5/26/2021  09:48:52.298483,-1.260590E-3,-2.361824E-3
5/26/2021  09:48:52.298485,-2.943116E-4,-1.798120E-3
5/26/2021  09:48:52.298486,-2.943116E-4,-1.202205E-3
5/26/2021  09:48:52.298488,-6.164043E-4,-6.707127E-4
5/26/2021  09:48:52.298490,2.778109E-5,-1.231147E-4
5/26/2021  09:48:52.298491,-6.164043E-4,4.728008E-4
5/26/2021  09:48:52.298493,-2.943116E-4,1.004293E-3
5/26/2021  09:48:52.298495,-2.943116E-4,1.600208E-3
5/26/2021  09:48:52.298496,-6.164043E-4,2.035066E-3
5/26/2021  09:48:52.298498,-6.164043E-4,2.534346E-3
5/26/2021  09:48:52.298499,-6.164043E-4,2.920886E-3
5/26/2021  09:48:52.298501,-6.164043E-4,3.339638E-3
5/26/2021  09:48:52.298503,-2.943116E-4,3.677860E-3
5/26/2021  09:48:52.298504,-6.164043E-4,4.016082E-3
5/26/2021  09:48:52.298506,-2.943116E-4,4.241564E-3
5/26/2021  09:48:52.298508,2.778109E-5,4.515363E-3
5/26/2021  09:48:52.298509,-6.164043E-4,4.611998E-3
5/26/2021  09:48:52.298511,-2.943116E-4,4.821374E-3
5/26/2021  09:48:52.298513,3.498738E-4,4.869691E-3
5/26/2021  09:48:52.298514,2.778109E-5,4.982432E-3
5/26/2021  09:48:52.298516,-2.943116E-4,4.901903E-3
5/26/2021  09:48:52.298518,-2.943116E-4,4.918009E-3
5/26/2021  09:48:52.298519,2.778109E-5,4.805268E-3
5/26/2021  09:48:52.298521,2.778109E-5,4.644210E-3
5/26/2021  09:48:52.298523,2.778109E-5,4.483151E-3
5/26/2021  09:48:52.298524,3.498738E-4,4.322093E-3
5/26/2021  09:48:52.298526,3.498738E-4,4.144929E-3
5/26/2021  09:48:52.298528,2.778109E-5,3.855024E-3
5/26/2021  09:48:52.298529,-6.164043E-4,3.532908E-3
5/26/2021  09:48:52.298531,2.778109E-5,3.178579E-3
5/26/2021  09:48:52.298532,2.778109E-5,2.888675E-3
5/26/2021  09:48:52.298534,6.719664E-4,2.486029E-3
5/26/2021  09:48:52.298536,3.498738E-4,2.131701E-3
5/26/2021  09:48:52.298537,-2.943116E-4,1.761267E-3
5/26/2021  09:48:52.298539,3.498738E-4,1.390833E-3
5/26/2021  09:48:52.298541,2.778109E-5,9.720813E-4
5/26/2021  09:48:52.298542,2.778109E-5,6.016473E-4
5/26/2021  09:48:52.298544,-6.164043E-4,1.828959E-4
5/26/2021  09:48:52.298546,2.778109E-5,-2.197497E-4
5/26/2021  09:48:52.298547,2.778109E-5,-5.740778E-4
5/26/2021  09:48:52.298549,3.498738E-4,-8.961942E-4
5/26/2021  09:48:52.298551,3.498738E-4,-1.266628E-3
5/26/2021  09:48:52.298552,-2.943116E-4,-1.540427E-3
5/26/2021  09:48:52.298554,2.778109E-5,-1.862543E-3
5/26/2021  09:48:52.298556,2.778109E-5,-2.152448E-3
5/26/2021  09:48:52.298557,2.778109E-5,-2.377930E-3
5/26/2021  09:48:52.298559,2.778109E-5,-2.619517E-3
5/26/2021  09:48:52.298561,3.498738E-4,-2.844999E-3
5/26/2021  09:48:52.298562,-6.164043E-4,-3.006057E-3
5/26/2021  09:48:52.298564,3.498738E-4,-3.134903E-3
5/26/2021  09:48:52.298565,3.498738E-4,-3.215432E-3
5/26/2021  09:48:52.298567,-2.943116E-4,-3.312067E-3
5/26/2021  09:48:52.298569,2.778109E-5,-3.424808E-3
5/26/2021  09:48:52.298570,-2.943116E-4,-3.360385E-3
5/26/2021  09:48:52.298572,-6.164043E-4,-3.392596E-3
5/26/2021  09:48:52.298574,-6.164043E-4,-3.328173E-3
5/26/2021  09:48:52.298575,-2.943116E-4,-3.360385E-3
5/26/2021  09:48:52.298577,-9.384969E-4,-3.215432E-3
5/26/2021  09:48:52.298579,-2.943116E-4,-3.086586E-3
5/26/2021  09:48:52.298580,-6.164043E-4,-2.909422E-3
5/26/2021  09:48:52.298582,-2.943116E-4,-2.780575E-3
5/26/2021  09:48:52.298584,-9.384969E-4,-2.587305E-3
5/26/2021  09:48:52.298585,-6.164043E-4,-2.377930E-3
5/26/2021  09:48:52.298587,-9.384969E-4,-2.200766E-3
5/26/2021  09:48:52.298589,2.778109E-5,-1.959178E-3
5/26/2021  09:48:52.298590,-2.943116E-4,-1.701485E-3
5/26/2021  09:48:52.298592,2.778109E-5,-1.427686E-3
5/26/2021  09:48:52.298594,-6.164043E-4,-1.186099E-3
5/26/2021  09:48:52.298595,-2.943116E-4,-9.284058E-4
5/26/2021  09:48:52.298597,-6.164043E-4,-6.707127E-4
5/26/2021  09:48:52.298598,-9.384969E-4,-3.969137E-4
5/26/2021  09:48:52.298600,-6.164043E-4,-1.070089E-4
5/26/2021  09:48:52.298602,-6.164043E-4,1.506843E-4
5/26/2021  09:48:52.298603,-9.384969E-4,3.761658E-4
5/26/2021  09:48:52.298605,-6.164043E-4,6.016473E-4
5/26/2021  09:48:52.298607,-2.943116E-4,8.432347E-4
5/26/2021  09:48:52.298608,-6.164043E-4,1.052610E-3
5/26/2021  09:48:52.298610,-2.943116E-4,1.278092E-3
5/26/2021  09:48:52.298612,-6.164043E-4,1.390833E-3
5/26/2021  09:48:52.298613,2.778109E-5,1.551891E-3
5/26/2021  09:48:52.298615,-6.164043E-4,1.729055E-3
5/26/2021  09:48:52.298617,-6.164043E-4,1.874007E-3
5/26/2021  09:48:52.298618,2.778109E-5,1.986748E-3
5/26/2021  09:48:52.298620,2.778109E-5,2.035066E-3
5/26/2021  09:48:52.298622,-2.943116E-4,2.163912E-3
5/26/2021  09:48:52.298623,-6.164043E-4,2.163912E-3
5/26/2021  09:48:52.298625,2.778109E-5,2.196124E-3
5/26/2021  09:48:52.298627,-2.943116E-4,2.228336E-3
5/26/2021  09:48:52.298628,2.778109E-5,2.196124E-3
5/26/2021  09:48:52.298630,3.498738E-4,2.147807E-3
5/26/2021  09:48:52.298631,2.778109E-5,2.051172E-3
5/26/2021  09:48:52.298633,2.778109E-5,2.051172E-3
5/26/2021  09:48:52.298635,3.498738E-4,1.970642E-3
5/26/2021  09:48:52.298636,-6.164043E-4,1.825690E-3
5/26/2021  09:48:52.298638,2.778109E-5,1.729055E-3
5/26/2021  09:48:52.298640,-2.943116E-4,1.600208E-3
5/26/2021  09:48:52.298641,-6.164043E-4,1.439150E-3
5/26/2021  09:48:52.298643,2.778109E-5,1.278092E-3
5/26/2021  09:48:52.298645,-2.943116E-4,1.117034E-3
5/26/2021  09:48:52.298646,2.778109E-5,9.398696E-4
5/26/2021  09:48:52.298648,-2.943116E-4,8.110231E-4
5/26/2021  09:48:52.298650,2.778109E-5,6.016473E-4
5/26/2021  09:48:52.298651,-2.943116E-4,4.244833E-4
5/26/2021  09:48:52.298653,-6.164043E-4,2.473192E-4
5/26/2021  09:48:52.298655,2.778109E-5,8.626099E-5
5/26/2021  09:48:52.298656,-2.943116E-4,-5.869142E-5
5/26/2021  09:48:52.298658,-2.943116E-4,-2.358555E-4
5/26/2021  09:48:52.298660,6.719664E-4,-4.452312E-4
5/26/2021  09:48:52.298661,-6.164043E-4,-5.096545E-4
5/26/2021  09:48:52.298663,-6.164043E-4,-7.512418E-4
5/26/2021  09:48:52.298664,2.778109E-5,-8.317709E-4
5/26/2021  09:48:52.298666,2.778109E-5,-9.928291E-4
5/26/2021  09:48:52.298668,-6.164043E-4,-1.089464E-3
5/26/2021  09:48:52.298669,3.498738E-4,-1.169993E-3
5/26/2021  09:48:52.298671,-6.164043E-4,-1.314946E-3
5/26/2021  09:48:52.298673,-2.943116E-4,-1.395475E-3
5/26/2021  09:48:52.298674,-2.943116E-4,-1.443792E-3
5/26/2021  09:48:52.298676,-9.384969E-4,-1.492110E-3
5/26/2021  09:48:52.298678,-2.943116E-4,-1.524321E-3
5/26/2021  09:48:52.298679,-2.943116E-4,-1.620956E-3
5/26/2021  09:48:52.298681,-2.943116E-4,-1.556533E-3
5/26/2021  09:48:52.298683,2.778109E-5,-1.588745E-3
5/26/2021  09:48:52.298684,2.778109E-5,-1.524321E-3
5/26/2021  09:48:52.298686,-2.943116E-4,-1.572639E-3
5/26/2021  09:48:52.298688,-9.384969E-4,-1.492110E-3
5/26/2021  09:48:52.298689,2.778109E-5,-1.443792E-3
5/26/2021  09:48:52.298691,2.778109E-5,-1.395475E-3
5/26/2021  09:48:52.298693,-6.164043E-4,-1.331051E-3
5/26/2021  09:48:52.298694,-2.943116E-4,-1.218311E-3
5/26/2021  09:48:52.298696,-6.164043E-4,-1.137782E-3
5/26/2021  09:48:52.298697,-2.943116E-4,-1.025041E-3
5/26/2021  09:48:52.298699,2.778109E-5,-9.123000E-4
5/26/2021  09:48:52.298701,2.778109E-5,-8.478767E-4
5/26/2021  09:48:52.298702,-6.164043E-4,-7.351360E-4
5/26/2021  09:48:52.298704,2.778109E-5,-6.546069E-4
5/26/2021  09:48:52.298706,-6.164043E-4,-4.613370E-4
5/26/2021  09:48:52.298707,-9.384969E-4,-3.808079E-4
5/26/2021  09:48:52.298709,2.778109E-5,-2.197497E-4
5/26/2021  09:48:52.298711,-2.943116E-4,-1.553264E-4
5/26/2021  09:48:52.298712,-2.943116E-4,5.731870E-6
5/26/2021  09:48:52.298714,-2.943116E-4,1.184726E-4
5/26/2021  09:48:52.298716,2.778109E-5,2.151076E-4
5/26/2021  09:48:52.298717,-2.943116E-4,3.278483E-4
5/26/2021  09:48:52.298719,-2.943116E-4,4.405891E-4
5/26/2021  09:48:52.298721,2.778109E-5,5.694357E-4
5/26/2021  09:48:52.298722,-2.943116E-4,5.855415E-4
5/26/2021  09:48:52.298724,-6.164043E-4,6.821765E-4
5/26/2021  09:48:52.298726,-2.943116E-4,7.143881E-4
5/26/2021  09:48:52.298727,-6.164043E-4,8.432347E-4
5/26/2021  09:48:52.298729,2.778109E-5,8.593405E-4
5/26/2021  09:48:52.298730,3.498738E-4,9.076580E-4
5/26/2021  09:48:52.298732,-2.943116E-4,9.720813E-4
5/26/2021  09:48:52.298734,2.778109E-5,9.881871E-4
5/26/2021  09:48:52.298735,-2.943116E-4,9.559755E-4
5/26/2021  09:48:52.298737,-6.164043E-4,9.398696E-4
5/26/2021  09:48:52.298739,-2.943116E-4,9.881871E-4
5/26/2021  09:48:52.298740,3.498738E-4,1.004293E-3
5/26/2021  09:48:52.298742,2.778109E-5,9.398696E-4
5/26/2021  09:48:52.298744,2.778109E-5,9.237638E-4
5/26/2021  09:48:52.298745,-2.943116E-4,8.593405E-4
5/26/2021  09:48:52.298747,2.778109E-5,8.110231E-4
5/26/2021  09:48:52.298749,3.498738E-4,7.627056E-4
5/26/2021  09:48:52.298750,2.778109E-5,6.982823E-4
5/26/2021  09:48:52.298752,2.778109E-5,6.821765E-4
5/26/2021  09:48:52.298754,3.498738E-4,5.533299E-4
5/26/2021  09:48:52.298755,3.498738E-4,4.728008E-4
5/26/2021  09:48:52.298757,-6.164043E-4,4.083775E-4
5/26/2021  09:48:52.298759,-2.943116E-4,3.439542E-4
5/26/2021  09:48:52.298760,-2.943116E-4,3.117425E-4
5/26/2021  09:48:52.298762,-6.164043E-4,1.667901E-4
5/26/2021  09:48:52.298763,-6.164043E-4,1.023668E-4
5/26/2021  09:48:52.298765,2.778109E-5,3.794352E-5
5/26/2021  09:48:52.298767,-2.943116E-4,-5.869142E-5
5/26/2021  09:48:52.298768,-2.943116E-4,-1.714322E-4
5/26/2021  09:48:52.298770,-2.943116E-4,-1.714322E-4
5/26/2021  09:48:52.298772,-2.943116E-4,-2.519613E-4
5/26/2021  09:48:52.298773,3.498738E-4,-3.163846E-4
5/26/2021  09:48:52.298775,2.778109E-5,-4.130195E-4
5/26/2021  09:48:52.298777,-2.943116E-4,-4.774428E-4
5/26/2021  09:48:52.298778,2.778109E-5,-5.740778E-4
5/26/2021  09:48:52.298780,2.778109E-5,-5.901836E-4
5/26/2021  09:48:52.298782,2.778109E-5,-6.223952E-4
5/26/2021  09:48:52.298783,2.778109E-5,-6.707127E-4
5/26/2021  09:48:52.298785,-2.943116E-4,-7.512418E-4
5/26/2021  09:48:52.298787,-2.943116E-4,-7.029243E-4
5/26/2021  09:48:52.298788,-2.943116E-4,-7.351360E-4
5/26/2021  09:48:52.298790,-2.943116E-4,-7.673476E-4
5/26/2021  09:48:52.298792,2.778109E-5,-7.834534E-4
5/26/2021  09:48:52.298793,-2.943116E-4,-7.512418E-4
5/26/2021  09:48:52.298795,2.778109E-5,-7.190302E-4
5/26/2021  09:48:52.298796,-2.943116E-4,-7.190302E-4
5/26/2021  09:48:52.298798,-6.164043E-4,-7.029243E-4
5/26/2021  09:48:52.298800,2.778109E-5,-6.546069E-4
5/26/2021  09:48:52.298801,2.778109E-5,-6.546069E-4
5/26/2021  09:48:52.298803,2.778109E-5,-6.385010E-4
5/26/2021  09:48:52.298805,2.778109E-5,-5.901836E-4
5/26/2021  09:48:52.298806,-9.384969E-4,-5.579719E-4
5/26/2021  09:48:52.298808,-2.943116E-4,-5.418661E-4
5/26/2021  09:48:52.298810,2.778109E-5,-4.130195E-4
5/26/2021  09:48:52.298811,-2.943116E-4,-4.130195E-4
5/26/2021  09:48:52.298813,-6.164043E-4,-3.002788E-4
5/26/2021  09:48:52.298815,-2.943116E-4,-3.324904E-4
5/26/2021  09:48:52.298816,2.778109E-5,-2.841729E-4
5/26/2021  09:48:52.298818,-6.164043E-4,-2.519613E-4
5/26/2021  09:48:52.298820,-2.943116E-4,-1.231147E-4
5/26/2021  09:48:52.298821,-6.164043E-4,-1.231147E-4
5/26/2021  09:48:52.298823,-2.943116E-4,-7.479725E-5
5/26/2021  09:48:52.298825,2.778109E-5,5.731870E-6
5/26/2021  09:48:52.298826,-6.164043E-4,8.626099E-5
5/26/2021  09:48:52.298828,-6.164043E-4,1.506843E-4
5/26/2021  09:48:52.298829,2.778109E-5,1.506843E-4
5/26/2021  09:48:52.298831,-2.943116E-4,1.667901E-4
5/26/2021  09:48:52.298833,-6.164043E-4,2.151076E-4
5/26/2021  09:48:52.298834,-9.384969E-4,3.278483E-4
5/26/2021  09:48:52.298836,-6.164043E-4,2.795309E-4
5/26/2021  09:48:52.298838,-6.164043E-4,3.761658E-4
5/26/2021  09:48:52.298839,-2.943116E-4,2.956367E-4
5/26/2021  09:48:52.298841,-2.943116E-4,3.922716E-4
5/26/2021  09:48:52.298843,-2.943116E-4,3.439542E-4
5/26/2021  09:48:52.298844,3.498738E-4,4.083775E-4
5/26/2021  09:48:52.298846,-2.943116E-4,4.083775E-4
5/26/2021  09:48:52.298848,-6.164043E-4,3.761658E-4
5/26/2021  09:48:52.298849,-2.943116E-4,3.439542E-4
5/26/2021  09:48:52.298851,-2.943116E-4,4.083775E-4
5/26/2021  09:48:52.298853,-2.943116E-4,4.083775E-4
5/26/2021  09:48:52.298854,-2.943116E-4,3.600600E-4
5/26/2021  09:48:52.298856,3.498738E-4,3.439542E-4
5/26/2021  09:48:52.298858,-2.943116E-4,3.600600E-4
5/26/2021  09:48:52.298859,-6.164043E-4,2.634250E-4
5/26/2021  09:48:52.298861,-2.943116E-4,2.634250E-4
5/26/2021  09:48:52.298862,-6.164043E-4,2.795309E-4
5/26/2021  09:48:52.298864,2.778109E-5,2.151076E-4
5/26/2021  09:48:52.298866,-6.164043E-4,2.312134E-4
5/26/2021  09:48:52.298867,-2.943116E-4,2.312134E-4
5/26/2021  09:48:52.298869,-6.164043E-4,1.023668E-4
5/26/2021  09:48:52.298871,-2.943116E-4,1.345785E-4
5/26/2021  09:48:52.298872,-2.943116E-4,7.015516E-5
5/26/2021  09:48:52.298874,-2.943116E-4,5.731870E-6
5/26/2021  09:48:52.298876,-2.943116E-4,-2.647978E-5
5/26/2021  09:48:52.298877,-2.943116E-4,-9.090307E-5
5/26/2021  09:48:52.298879,-2.943116E-4,-5.869142E-5
5/26/2021  09:48:52.298881,-2.943116E-4,-1.070089E-4
5/26/2021  09:48:52.298882,2.778109E-5,-1.231147E-4
5/26/2021  09:48:52.298884,-2.943116E-4,-2.036438E-4
5/26/2021  09:48:52.298886,2.778109E-5,-1.714322E-4
5/26/2021  09:48:52.298887,-2.943116E-4,-2.036438E-4
5/26/2021  09:48:52.298889,2.778109E-5,-2.680671E-4
5/26/2021  09:48:52.298891,-2.943116E-4,-2.680671E-4
5/26/2021  09:48:52.298892,-2.943116E-4,-3.002788E-4
5/26/2021  09:48:52.298894,6.719664E-4,-2.680671E-4
5/26/2021  09:48:52.298895,-2.943116E-4,-3.485962E-4
5/26/2021  09:48:52.298897,-2.943116E-4,-3.647021E-4
5/26/2021  09:48:52.298899,3.498738E-4,-3.485962E-4
5/26/2021  09:48:52.298900,-2.943116E-4,-3.647021E-4
5/26/2021  09:48:52.298902,-2.943116E-4,-3.324904E-4
5/26/2021  09:48:52.298904,2.778109E-5,-3.969137E-4
5/26/2021  09:48:52.298905,-2.943116E-4,-3.808079E-4
5/26/2021  09:48:52.298907,-2.943116E-4,-3.969137E-4
5/26/2021  09:48:52.298909,2.778109E-5,-3.485962E-4
5/26/2021  09:48:52.298910,-2.943116E-4,-3.163846E-4
5/26/2021  09:48:52.298912,-2.943116E-4,-3.002788E-4
5/26/2021  09:48:52.298914,-2.943116E-4,-3.324904E-4
5/26/2021  09:48:52.298915,-2.943116E-4,-3.163846E-4
5/26/2021  09:48:52.298917,-2.943116E-4,-2.841729E-4
5/26/2021  09:48:52.298919,3.498738E-4,-2.358555E-4
5/26/2021  09:48:52.298920,3.498738E-4,-2.680671E-4
5/26/2021  09:48:52.298922,-2.943116E-4,-2.036438E-4
5/26/2021  09:48:52.298924,2.778109E-5,-2.036438E-4
5/26/2021  09:48:52.298925,-6.164043E-4,-1.875380E-4
5/26/2021  09:48:52.298927,-2.943116E-4,-1.553264E-4
5/26/2021  09:48:52.298928,-9.384969E-4,-1.392205E-4
5/26/2021  09:48:52.298930,2.778109E-5,-7.479725E-5
5/26/2021  09:48:52.298932,2.778109E-5,-9.090307E-5
5/26/2021  09:48:52.298933,-2.943116E-4,-4.258560E-5
5/26/2021  09:48:52.298935,9.940591E-4,5.731870E-6
5/26/2021  09:48:52.298937,-2.943116E-4,-5.869142E-5
5/26/2021  09:48:52.298938,-2.943116E-4,2.183769E-5
5/26/2021  09:48:52.298940,-2.943116E-4,2.183769E-5
5/26/2021  09:48:52.298942,-2.943116E-4,5.731870E-6
5/26/2021  09:48:52.298943,-9.384969E-4,8.626099E-5
5/26/2021  09:48:52.298945,-2.943116E-4,7.015516E-5
5/26/2021  09:48:52.298947,2.778109E-5,5.404934E-5
5/26/2021  09:48:52.298948,-6.164043E-4,1.023668E-4
5/26/2021  09:48:52.298950,-2.943116E-4,1.023668E-4
5/26/2021  09:48:52.298952,-6.164043E-4,1.184726E-4
5/26/2021  09:48:52.298953,-2.943116E-4,1.506843E-4
5/26/2021  09:48:52.298955,-2.943116E-4,1.184726E-4
5/26/2021  09:48:52.298957,-2.943116E-4,1.667901E-4
5/26/2021  09:48:52.298958,-2.943116E-4,1.506843E-4
5/26/2021  09:48:52.298960,-6.164043E-4,1.345785E-4
5/26/2021  09:48:52.298961,2.778109E-5,1.667901E-4
5/26/2021  09:48:52.298963,-2.943116E-4,1.506843E-4
5/26/2021  09:48:52.298965,-6.164043E-4,1.506843E-4
5/26/2021  09:48:52.298966,-2.943116E-4,1.345785E-4
5/26/2021  09:48:52.298968,-6.164043E-4,1.345785E-4
5/26/2021  09:48:52.298970,2.778109E-5,1.345785E-4
5/26/2021  09:48:52.298971,-2.943116E-4,1.345785E-4
5/26/2021  09:48:52.298973,-6.164043E-4,1.023668E-4
5/26/2021  09:48:52.298975,2.778109E-5,8.626099E-5
5/26/2021  09:48:52.298976,-2.943116E-4,7.015516E-5
5/26/2021  09:48:52.298978,-6.164043E-4,7.015516E-5
5/26/2021  09:48:52.298980,2.778109E-5,3.794352E-5
5/26/2021  09:48:52.298981,2.778109E-5,-4.258560E-5
5/26/2021  09:48:52.298983,-6.164043E-4,3.794352E-5
5/26/2021  09:48:52.298985,2.778109E-5,-1.037395E-5
5/26/2021  09:48:52.298986,-6.164043E-4,-5.869142E-5
5/26/2021  09:48:52.298988,-9.384969E-4,-4.258560E-5
5/26/2021  09:48:52.298990,3.498738E-4,-4.258560E-5
5/26/2021  09:48:52.298991,2.778109E-5,-2.647978E-5
5/26/2021  09:48:52.298993,-6.164043E-4,-4.258560E-5
5/26/2021  09:48:52.298994,-2.943116E-4,-4.258560E-5
5/26/2021  09:48:52.298996,-2.943116E-4,-1.553264E-4
5/26/2021  09:48:52.298998,-2.943116E-4,-1.231147E-4
5/26/2021  09:48:52.298999,2.778109E-5,-9.090307E-5
5/26/2021  09:48:52.299001,2.778109E-5,-1.553264E-4
5/26/2021  09:48:52.299003,-6.164043E-4,-1.392205E-4
5/26/2021  09:48:52.299004,-2.943116E-4,-1.392205E-4
5/26/2021  09:48:52.299006,-2.943116E-4,-1.553264E-4
5/26/2021  09:48:52.299008,2.778109E-5,-1.231147E-4
5/26/2021  09:48:52.299009,-2.943116E-4,-1.875380E-4
5/26/2021  09:48:52.299011,2.778109E-5,-2.036438E-4
5/26/2021  09:48:52.299013,3.498738E-4,-2.519613E-4
5/26/2021  09:48:52.299014,-6.164043E-4,-1.553264E-4
5/26/2021  09:48:52.299016,2.778109E-5,-2.036438E-4
5/26/2021  09:48:52.299018,-6.164043E-4,-1.875380E-4
5/26/2021  09:48:52.299019,-6.164043E-4,-1.875380E-4
5/26/2021  09:48:52.299021,-2.943116E-4,-1.714322E-4
5/26/2021  09:48:52.299023,2.778109E-5,-2.036438E-4
5/26/2021  09:48:52.299024,-2.943116E-4,-2.036438E-4
5/26/2021  09:48:52.299026,-2.943116E-4,-1.553264E-4
5/26/2021  09:48:52.299027,-2.943116E-4,-1.553264E-4
5/26/2021  09:48:52.299029,2.778109E-5,-1.070089E-4
5/26/2021  09:48:52.299031,3.498738E-4,-1.070089E-4
5/26/2021  09:48:52.299032,-6.164043E-4,-1.714322E-4
5/26/2021  09:48:52.299034,-2.943116E-4,-1.231147E-4
5/26/2021  09:48:52.299036,2.778109E-5,-9.090307E-5
5/26/2021  09:48:52.299037,-6.164043E-4,-1.392205E-4
5/26/2021  09:48:52.299039,-2.943116E-4,-9.090307E-5
5/26/2021  09:48:52.299041,2.778109E-5,-7.479725E-5
5/26/2021  09:48:52.299042,2.778109E-5,-4.258560E-5
5/26/2021  09:48:52.299044,-6.164043E-4,-9.090307E-5
5/26/2021  09:48:52.299046,-6.164043E-4,-5.869142E-5
5/26/2021  09:48:52.299047,-2.943116E-4,-2.647978E-5
5/26/2021  09:48:52.299049,-6.164043E-4,-2.647978E-5
5/26/2021  09:48:52.299051,2.778109E-5,-4.258560E-5
5/26/2021  09:48:52.299052,2.778109E-5,3.794352E-5
5/26/2021  09:48:52.299054,-6.164043E-4,5.731870E-6
5/26/2021  09:48:52.299056,-2.943116E-4,2.183769E-5
5/26/2021  09:48:52.299057,-2.943116E-4,5.731870E-6
5/26/2021  09:48:52.299059,-2.943116E-4,2.183769E-5
5/26/2021  09:48:52.299060,-2.943116E-4,3.794352E-5
5/26/2021  09:48:52.299062,-6.164043E-4,3.794352E-5
5/26/2021  09:48:52.299064,2.778109E-5,3.794352E-5
5/26/2021  09:48:52.299065,2.778109E-5,2.183769E-5
5/26/2021  09:48:52.299067,-2.943116E-4,5.404934E-5
5/26/2021  09:48:52.299069,2.778109E-5,3.794352E-5
5/26/2021  09:48:52.299070,-2.943116E-4,2.183769E-5
5/26/2021  09:48:52.299072,-6.164043E-4,3.794352E-5
5/26/2021  09:48:52.299074,2.778109E-5,3.794352E-5
5/26/2021  09:48:52.299075,-2.943116E-4,3.794352E-5
5/26/2021  09:48:52.299077,-2.943116E-4,5.731870E-6
5/26/2021  09:48:52.299079,-2.943116E-4,5.731870E-6
5/26/2021  09:48:52.299080,2.778109E-5,3.794352E-5
5/26/2021  09:48:52.299082,3.498738E-4,5.731870E-6
5/26/2021  09:48:52.299084,-2.943116E-4,5.731870E-6
5/26/2021  09:48:52.299085,2.778109E-5,3.794352E-5
5/26/2021  09:48:52.299087,-6.164043E-4,5.731870E-6
5/26/2021  09:48:52.299089,-2.943116E-4,-1.037395E-5
5/26/2021  09:48:52.299090,-6.164043E-4,-2.647978E-5
5/26/2021  09:48:52.299092,2.778109E-5,5.731870E-6
5/26/2021  09:48:52.299093,-2.943116E-4,-1.037395E-5
5/26/2021  09:48:52.299095,2.778109E-5,2.183769E-5
5/26/2021  09:48:52.299097,-6.164043E-4,-5.869142E-5
5/26/2021  09:48:52.299098,-9.384969E-4,-5.869142E-5
5/26/2021  09:48:52.299100,-2.943116E-4,-4.258560E-5
5/26/2021  09:48:52.299102,-2.943116E-4,-4.258560E-5
5/26/2021  09:48:52.299103,2.778109E-5,-4.258560E-5
5/26/2021  09:48:52.299105,2.778109E-5,-7.479725E-5
5/26/2021  09:48:52.299107,-2.943116E-4,-7.479725E-5
5/26/2021  09:48:52.299108,-2.943116E-4,-5.869142E-5
5/26/2021  09:48:52.299110,3.498738E-4,-7.479725E-5
5/26/2021  09:48:52.299112,6.719664E-4,-7.479725E-5
5/26/2021  09:48:52.299113,-6.164043E-4,-1.231147E-4
5/26/2021  09:48:52.299115,2.778109E-5,-9.090307E-5
5/26/2021  09:48:52.299117,3.498738E-4,-1.392205E-4
5/26/2021  09:48:52.299118,-2.943116E-4,-1.392205E-4
5/26/2021  09:48:52.299120,2.778109E-5,-1.231147E-4
5/26/2021  09:48:52.299122,-2.943116E-4,-7.479725E-5
5/26/2021  09:48:52.299123,-6.164043E-4,-1.714322E-4
5/26/2021  09:48:52.299125,-6.164043E-4,-7.479725E-5
5/26/2021  09:48:52.299126,3.498738E-4,-1.070089E-4
5/26/2021  09:48:52.299128,-6.164043E-4,-5.869142E-5
5/26/2021  09:48:52.299130,-6.164043E-4,-9.090307E-5
5/26/2021  09:48:52.299131,-2.943116E-4,-1.231147E-4
5/26/2021  09:48:52.299133,2.778109E-5,-1.231147E-4
5/26/2021  09:48:52.299135,-2.943116E-4,-7.479725E-5
5/26/2021  09:48:52.299136,3.498738E-4,-1.392205E-4
5/26/2021  09:48:52.299138,2.778109E-5,-1.392205E-4
5/26/2021  09:48:52.299140,-2.943116E-4,-1.231147E-4
5/26/2021  09:48:52.299141,-2.943116E-4,-1.070089E-4
5/26/2021  09:48:52.299143,2.778109E-5,-9.090307E-5
5/26/2021  09:48:52.299145,-6.164043E-4,-9.090307E-5
5/26/2021  09:48:52.299146,2.778109E-5,-5.869142E-5
5/26/2021  09:48:52.299148,2.778109E-5,-9.090307E-5
5/26/2021  09:48:52.299150,-2.943116E-4,-9.090307E-5
5/26/2021  09:48:52.299151,-2.943116E-4,-4.258560E-5
5/26/2021  09:48:52.299153,-2.943116E-4,-5.869142E-5
5/26/2021  09:48:52.299155,-2.943116E-4,-5.869142E-5
5/26/2021  09:48:52.299156,-2.943116E-4,-5.869142E-5
5/26/2021  09:48:52.299158,3.498738E-4,-9.090307E-5
5/26/2021  09:48:52.299159,-6.164043E-4,-5.869142E-5
5/26/2021  09:48:52.299161,-2.943116E-4,-1.037395E-5
5/26/2021  09:48:52.299163,-6.164043E-4,-2.647978E-5
5/26/2021  09:48:52.299164,-2.943116E-4,-2.647978E-5
5/26/2021  09:48:52.299166,-2.943116E-4,5.731870E-6
5/26/2021  09:48:52.299168,-6.164043E-4,-2.647978E-5
5/26/2021  09:48:52.299169,-6.164043E-4,-2.647978E-5
5/26/2021  09:48:52.299171,3.498738E-4,-7.479725E-5
5/26/2021  09:48:52.299173,-2.943116E-4,-1.037395E-5
5/26/2021  09:48:52.299174,2.778109E-5,-2.647978E-5
5/26/2021  09:48:52.299176,-2.943116E-4,2.183769E-5
5/26/2021  09:48:52.299178,3.498738E-4,-1.037395E-5
5/26/2021  09:48:52.299179,2.778109E-5,-5.869142E-5
5/26/2021  09:48:52.299181,-2.943116E-4,-2.647978E-5
5/26/2021  09:48:52.299183,-2.943116E-4,2.183769E-5
5/26/2021  09:48:52.299184,-2.943116E-4,-1.037395E-5
5/26/2021  09:48:52.299186,2.778109E-5,-1.037395E-5
5/26/2021  09:48:52.299188,3.498738E-4,-2.647978E-5
5/26/2021  09:48:52.299189,-6.164043E-4,-4.258560E-5
5/26/2021  09:48:52.299191,2.778109E-5,-7.479725E-5
5/26/2021  09:48:52.299192,2.778109E-5,-1.037395E-5
5/26/2021  09:48:52.299194,-6.164043E-4,-1.037395E-5
5/26/2021  09:48:52.299196,2.778109E-5,-4.258560E-5
5/26/2021  09:48:52.299197,-2.943116E-4,-2.647978E-5
5/26/2021  09:48:52.299199,3.498738E-4,-1.037395E-5
5/26/2021  09:48:52.299201,-6.164043E-4,-1.037395E-5
5/26/2021  09:48:52.299202,3.498738E-4,-2.647978E-5
5/26/2021  09:48:52.299204,-6.164043E-4,-5.869142E-5
5/26/2021  09:48:52.299206,-6.164043E-4,2.183769E-5
5/26/2021  09:48:52.299207,2.778109E-5,-5.869142E-5
5/26/2021  09:48:52.299209,-6.164043E-4,-5.869142E-5
5/26/2021  09:48:52.299211,3.498738E-4,-2.647978E-5
5/26/2021  09:48:52.299212,-2.943116E-4,-5.869142E-5
5/26/2021  09:48:52.299214,-2.943116E-4,-4.258560E-5
5/26/2021  09:48:52.299216,2.778109E-5,-5.869142E-5
5/26/2021  09:48:52.299217,6.719664E-4,-4.258560E-5
5/26/2021  09:48:52.299219,2.778109E-5,-9.090307E-5
5/26/2021  09:48:52.299221,-2.943116E-4,-7.479725E-5
5/26/2021  09:48:52.299222,2.778109E-5,-4.258560E-5
5/26/2021  09:48:52.299224,2.778109E-5,-5.869142E-5
5/26/2021  09:48:52.299225,2.778109E-5,-5.869142E-5
5/26/2021  09:48:52.299227,3.498738E-4,-9.090307E-5
5/26/2021  09:48:52.299229,-2.943116E-4,-1.070089E-4
5/26/2021  09:48:52.299230,-2.943116E-4,-7.479725E-5
5/26/2021  09:48:52.299232,-2.943116E-4,-7.479725E-5
5/26/2021  09:48:52.299234,-2.943116E-4,-1.231147E-4
5/26/2021  09:48:52.299235,2.778109E-5,-1.070089E-4
5/26/2021  09:48:52.299237,-2.943116E-4,-5.869142E-5
5/26/2021  09:48:52.299239,-9.384969E-4,-1.070089E-4
5/26/2021  09:48:52.299240,-2.943116E-4,-7.479725E-5
5/26/2021  09:48:52.299242,2.778109E-5,-1.070089E-4
5/26/2021  09:48:52.299244,-9.384969E-4,-9.090307E-5
5/26/2021  09:48:52.299245,-6.164043E-4,-1.070089E-4
5/26/2021  09:48:52.299247,-2.943116E-4,-2.647978E-5
5/26/2021  09:48:52.299249,3.498738E-4,-7.479725E-5
5/26/2021  09:48:52.299250,-2.943116E-4,-7.479725E-5
5/26/2021  09:48:52.299252,2.778109E-5,-7.479725E-5
5/26/2021  09:48:52.299254,3.498738E-4,-7.479725E-5
5/26/2021  09:48:52.299255,-6.164043E-4,-5.869142E-5
5/26/2021  09:48:52.299257,2.778109E-5,-9.090307E-5
5/26/2021  09:48:52.299258,-2.943116E-4,-1.070089E-4
5/26/2021  09:48:52.299260,-2.943116E-4,-2.647978E-5
5/26/2021  09:48:52.299262,-2.943116E-4,-5.869142E-5
5/26/2021  09:48:52.299263,-6.164043E-4,-4.258560E-5
5/26/2021  09:48:52.299265,-2.943116E-4,-5.869142E-5
5/26/2021  09:48:52.299267,-2.943116E-4,-9.090307E-5
5/26/2021  09:48:52.299268,-6.164043E-4,-5.869142E-5
5/26/2021  09:48:52.299270,-2.943116E-4,-7.479725E-5
5/26/2021  09:48:52.299272,-6.164043E-4,-4.258560E-5
5/26/2021  09:48:52.299273,-2.943116E-4,-9.090307E-5
5/26/2021  09:48:52.299275,-2.943116E-4,-2.647978E-5
5/26/2021  09:48:52.299277,2.778109E-5,-2.647978E-5
5/26/2021  09:48:52.299278,2.778109E-5,-4.258560E-5
5/26/2021  09:48:52.299280,-6.164043E-4,-2.647978E-5
5/26/2021  09:48:52.299282,2.778109E-5,-4.258560E-5
5/26/2021  09:48:52.299283,-2.943116E-4,-4.258560E-5
5/26/2021  09:48:52.299285,-2.943116E-4,5.731870E-6
5/26/2021  09:48:52.299287,-6.164043E-4,-1.037395E-5
5/26/2021  09:48:52.299288,2.778109E-5,-4.258560E-5
5/26/2021  09:48:52.299290,-2.943116E-4,-4.258560E-5
5/26/2021  09:48:52.299291,-2.943116E-4,-1.037395E-5
5/26/2021  09:48:52.299293,2.778109E-5,-1.037395E-5
5/26/2021  09:48:52.299295,-9.384969E-4,-4.258560E-5
5/26/2021  09:48:52.299296,2.778109E-5,-4.258560E-5
5/26/2021  09:48:52.299298,2.778109E-5,-5.869142E-5
5/26/2021  09:48:52.299300,-9.384969E-4,-1.037395E-5
5/26/2021  09:48:52.299301,-2.943116E-4,-4.258560E-5
5/26/2021  09:48:52.299303,-6.164043E-4,-2.647978E-5
5/26/2021  09:48:52.299305,2.778109E-5,5.731870E-6
5/26/2021  09:48:52.299306,-2.943116E-4,-1.037395E-5
5/26/2021  09:48:52.299308,-2.943116E-4,-5.869142E-5
5/26/2021  09:48:52.299310,-6.164043E-4,-4.258560E-5
5/26/2021  09:48:52.299311,2.778109E-5,-2.647978E-5
5/26/2021  09:48:52.299313,-6.164043E-4,-2.647978E-5
5/26/2021  09:48:52.299315,-2.943116E-4,-4.258560E-5
5/26/2021  09:48:52.299316,-2.943116E-4,-2.647978E-5
5/26/2021  09:48:52.299318,-2.943116E-4,-2.647978E-5
5/26/2021  09:48:52.299320,-2.943116E-4,-1.037395E-5
5/26/2021  09:48:52.299321,2.778109E-5,-2.647978E-5
5/26/2021  09:48:52.299323,-2.943116E-4,5.731870E-6
5/26/2021  09:48:52.299324,-6.164043E-4,-4.258560E-5
5/26/2021  09:48:52.299326,3.498738E-4,-7.479725E-5
5/26/2021  09:48:52.299328,-2.943116E-4,-7.479725E-5
5/26/2021  09:48:52.299329,-2.943116E-4,-1.070089E-4
5/26/2021  09:48:52.299331,2.778109E-5,-9.090307E-5
5/26/2021  09:48:52.299333,-2.943116E-4,-5.869142E-5
5/26/2021  09:48:52.299334,-2.943116E-4,-5.869142E-5
5/26/2021  09:48:52.299336,2.778109E-5,-5.869142E-5
5/26/2021  09:48:52.299338,-6.164043E-4,-7.479725E-5
5/26/2021  09:48:52.299339,-2.943116E-4,-9.090307E-5
5/26/2021  09:48:52.299341,-2.943116E-4,-4.258560E-5
5/26/2021  09:48:52.299343,3.498738E-4,-5.869142E-5
5/26/2021  09:48:52.299344,-2.943116E-4,-5.869142E-5
5/26/2021  09:48:52.299346,-2.943116E-4,-9.090307E-5
5/26/2021  09:48:52.299348,2.778109E-5,-7.479725E-5
5/26/2021  09:48:52.299349,-2.943116E-4,-7.479725E-5
5/26/2021  09:48:52.299351,-2.943116E-4,-2.647978E-5
5/26/2021  09:48:52.299353,-2.943116E-4,-5.869142E-5
5/26/2021  09:48:52.299354,-2.943116E-4,-2.647978E-5
5/26/2021  09:48:52.299356,-6.164043E-4,-5.869142E-5
5/26/2021  09:48:52.299357,3.498738E-4,-1.037395E-5
5/26/2021  09:48:52.299359,-2.943116E-4,-7.479725E-5
5/26/2021  09:48:52.299361,-6.164043E-4,-7.479725E-5
5/26/2021  09:48:52.299362,-2.943116E-4,-2.647978E-5
5/26/2021  09:48:52.299364,2.778109E-5,-9.090307E-5
5/26/2021  09:48:52.299366,2.778109E-5,-5.869142E-5
5/26/2021  09:48:52.299367,-2.943116E-4,-7.479725E-5
5/26/2021  09:48:52.299369,-2.943116E-4,-9.090307E-5
5/26/2021  09:48:52.299371,-6.164043E-4,-1.070089E-4
5/26/2021  09:48:52.299372,-2.943116E-4,-5.869142E-5
5/26/2021  09:48:52.299374,-2.943116E-4,-7.479725E-5
5/26/2021  09:48:52.299376,-2.943116E-4,-1.037395E-5
5/26/2021  09:48:52.299377,-6.164043E-4,-2.647978E-5
5/26/2021  09:48:52.299379,-2.943116E-4,-9.090307E-5
5/26/2021  09:48:52.299381,2.778109E-5,-5.869142E-5
5/26/2021  09:48:52.299382,2.778109E-5,-5.869142E-5
5/26/2021  09:48:52.299384,2.778109E-5,-2.647978E-5
5/26/2021  09:48:52.299386,-6.164043E-4,-4.258560E-5
5/26/2021  09:48:52.299387,-2.943116E-4,-2.647978E-5
5/26/2021  09:48:52.299389,2.778109E-5,-7.479725E-5
5/26/2021  09:48:52.299390,-2.943116E-4,-5.869142E-5
5/26/2021  09:48:52.299392,2.778109E-5,-7.479725E-5
5/26/2021  09:48:52.299394,-2.943116E-4,-7.479725E-5
5/26/2021  09:48:52.299395,-2.943116E-4,-4.258560E-5
5/26/2021  09:48:52.299397,-6.164043E-4,-5.869142E-5
5/26/2021  09:48:52.299399,2.778109E-5,5.731870E-6
5/26/2021  09:48:52.299400,-2.943116E-4,-7.479725E-5
5/26/2021  09:48:52.299402,-2.943116E-4,2.183769E-5
5/26/2021  09:48:52.299404,-2.943116E-4,-5.869142E-5
5/26/2021  09:48:52.299405,-6.164043E-4,-5.869142E-5
5/26/2021  09:48:52.299407,-2.943116E-4,-5.869142E-5
5/26/2021  09:48:52.299409,-6.164043E-4,5.731870E-6
5/26/2021  09:48:52.299410,2.778109E-5,-4.258560E-5
5/26/2021  09:48:52.299412,-2.943116E-4,-5.869142E-5
5/26/2021  09:48:52.299414,-6.164043E-4,-4.258560E-5
5/26/2021  09:48:52.299415,-6.164043E-4,-5.869142E-5
5/26/2021  09:48:52.299417,-2.943116E-4,-5.869142E-5
5/26/2021  09:48:52.299419,2.778109E-5,-4.258560E-5
5/26/2021  09:48:52.299420,-6.164043E-4,-7.479725E-5
5/26/2021  09:48:52.299422,3.498738E-4,-2.647978E-5
5/26/2021  09:48:52.299423,-2.943116E-4,-7.479725E-5
5/26/2021  09:48:52.299425,-2.943116E-4,-7.479725E-5
5/26/2021  09:48:52.299427,2.778109E-5,-5.869142E-5
5/26/2021  09:48:52.299428,3.498738E-4,-7.479725E-5
5/26/2021  09:48:52.299430,2.778109E-5,-2.647978E-5
5/26/2021  09:48:52.299432,2.778109E-5,-5.869142E-5
5/26/2021  09:48:52.299433,-6.164043E-4,-5.869142E-5
5/26/2021  09:48:52.299435,-2.943116E-4,-4.258560E-5
5/26/2021  09:48:52.299437,2.778109E-5,-1.037395E-5
5/26/2021  09:48:52.299438,-2.943116E-4,-9.090307E-5
5/26/2021  09:48:52.299440,-2.943116E-4,-5.869142E-5
5/26/2021  09:48:52.299442,-6.164043E-4,5.731870E-6
5/26/2021  09:48:52.299443,2.778109E-5,-7.479725E-5
5/26/2021  09:48:52.299445,-2.943116E-4,-1.070089E-4
5/26/2021  09:48:52.299447,2.778109E-5,-5.869142E-5
5/26/2021  09:48:52.299448,2.778109E-5,-4.258560E-5
5/26/2021  09:48:52.299450,-2.943116E-4,-2.647978E-5
5/26/2021  09:48:52.299452,3.498738E-4,-5.869142E-5
5/26/2021  09:48:52.299453,-6.164043E-4,-5.869142E-5
5/26/2021  09:48:52.299455,-6.164043E-4,-5.869142E-5
5/26/2021  09:48:52.299456,-2.943116E-4,-9.090307E-5
5/26/2021  09:48:52.299458,2.778109E-5,-2.647978E-5
5/26/2021  09:48:52.299460,-6.164043E-4,-5.869142E-5
5/26/2021  09:48:52.299461,-6.164043E-4,-4.258560E-5
5/26/2021  09:48:52.299463,-2.943116E-4,-7.479725E-5
5/26/2021  09:48:52.299465,-9.384969E-4,-7.479725E-5
5/26/2021  09:48:52.299466,-2.943116E-4,-4.258560E-5
5/26/2021  09:48:52.299468,-6.164043E-4,-9.090307E-5
5/26/2021  09:48:52.299470,-9.384969E-4,-2.647978E-5
5/26/2021  09:48:52.299471,-2.943116E-4,-9.090307E-5
5/26/2021  09:48:52.299473,-2.943116E-4,-7.479725E-5
5/26/2021  09:48:52.299475,-2.943116E-4,-5.869142E-5
5/26/2021  09:48:52.299476,3.498738E-4,-2.647978E-5
5/26/2021  09:48:52.299478,-2.943116E-4,-5.869142E-5
5/26/2021  09:48:52.299480,-2.943116E-4,-7.479725E-5
5/26/2021  09:48:52.299481,2.778109E-5,-2.647978E-5
5/26/2021  09:48:52.299483,-2.943116E-4,-5.869142E-5
5/26/2021  09:48:52.299485,-2.943116E-4,-5.869142E-5
5/26/2021  09:48:52.299486,2.778109E-5,-9.090307E-5
5/26/2021  09:48:52.299488,2.778109E-5,-5.869142E-5
5/26/2021  09:48:52.299489,-6.164043E-4,-7.479725E-5
5/26/2021  09:48:52.299491,3.498738E-4,-5.869142E-5
5/26/2021  09:48:52.299493,-2.943116E-4,-9.090307E-5
5/26/2021  09:48:52.299494,2.778109E-5,-5.869142E-5
5/26/2021  09:48:52.299496,-2.943116E-4,-2.647978E-5
5/26/2021  09:48:52.299498,-6.164043E-4,-9.090307E-5
5/26/2021  09:48:52.299499,-2.943116E-4,-9.090307E-5
5/26/2021  09:48:52.299501,3.498738E-4,-4.258560E-5
5/26/2021  09:48:52.299503,-2.943116E-4,-5.869142E-5
5/26/2021  09:48:52.299504,-2.943116E-4,-2.647978E-5
5/26/2021  09:48:52.299506,-2.943116E-4,-4.258560E-5
5/26/2021  09:48:52.299508,-2.943116E-4,-5.869142E-5
5/26/2021  09:48:52.299509,-6.164043E-4,-9.090307E-5
5/26/2021  09:48:52.299511,2.778109E-5,2.183769E-5
5/26/2021  09:48:52.299513,-2.943116E-4,-1.037395E-5
5/26/2021  09:48:52.299514,-6.164043E-4,-2.647978E-5
5/26/2021  09:48:52.299516,6.719664E-4,-1.037395E-5
5/26/2021  09:48:52.299518,3.498738E-4,-1.037395E-5
5/26/2021  09:48:52.299519,3.498738E-4,-4.258560E-5
5/26/2021  09:48:52.299521,-6.164043E-4,-4.258560E-5
5/26/2021  09:48:52.299522,2.778109E-5,-7.479725E-5
5/26/2021  09:48:52.299524,-2.943116E-4,-5.869142E-5
5/26/2021  09:48:52.299526,2.778109E-5,-2.647978E-5
5/26/2021  09:48:52.299527,-2.943116E-4,-7.479725E-5
5/26/2021  09:48:52.299529,-9.384969E-4,-4.258560E-5
5/26/2021  09:48:52.299531,-6.164043E-4,-5.869142E-5
5/26/2021  09:48:52.299532,-6.164043E-4,-5.869142E-5
5/26/2021  09:48:52.299534,-2.943116E-4,-2.647978E-5
5/26/2021  09:48:52.299536,-6.164043E-4,-4.258560E-5
5/26/2021  09:48:52.299537,2.778109E-5,-5.869142E-5
5/26/2021  09:48:52.299539,-2.943116E-4,-7.479725E-5
5/26/2021  09:48:52.299541,3.498738E-4,-5.869142E-5
5/26/2021  09:48:52.299542,2.778109E-5,-4.258560E-5
5/26/2021  09:48:52.299544,2.778109E-5,-2.647978E-5
5/26/2021  09:48:52.299546,2.778109E-5,-9.090307E-5
5/26/2021  09:48:52.299547,-2.943116E-4,-5.869142E-5
5/26/2021  09:48:52.299549,2.778109E-5,-4.258560E-5
5/26/2021  09:48:52.299551,-2.943116E-4,-5.869142E-5
5/26/2021  09:48:52.299552,-6.164043E-4,-5.869142E-5
5/26/2021  09:48:52.299554,-2.943116E-4,-1.070089E-4
5/26/2021  09:48:52.299555,2.778109E-5,-4.258560E-5
5/26/2021  09:48:52.299557,-2.943116E-4,-5.869142E-5
5/26/2021  09:48:52.299559,-6.164043E-4,-9.090307E-5
5/26/2021  09:48:52.299560,-2.943116E-4,-1.070089E-4
5/26/2021  09:48:52.299562,-6.164043E-4,-9.090307E-5
5/26/2021  09:48:52.299564,-6.164043E-4,-7.479725E-5
5/26/2021  09:48:52.299565,-6.164043E-4,-7.479725E-5
5/26/2021  09:48:52.299567,-2.943116E-4,-2.647978E-5
5/26/2021  09:48:52.299569,3.498738E-4,-7.479725E-5
5/26/2021  09:48:52.299570,2.778109E-5,-5.869142E-5
5/26/2021  09:48:52.299572,2.778109E-5,-2.647978E-5
5/26/2021  09:48:52.299574,3.498738E-4,-5.869142E-5
5/26/2021  09:48:52.299575,-2.943116E-4,-1.231147E-4
5/26/2021  09:48:52.299577,3.498738E-4,-5.869142E-5
5/26/2021  09:48:52.299579,3.498738E-4,-9.090307E-5
5/26/2021  09:48:52.299580,3.498738E-4,-5.869142E-5
5/26/2021  09:48:52.299582,-2.943116E-4,-4.258560E-5
5/26/2021  09:48:52.299584,-6.164043E-4,-9.090307E-5
5/26/2021  09:48:52.299585,-6.164043E-4,-9.090307E-5
5/26/2021  09:48:52.299587,2.778109E-5,-2.647978E-5
5/26/2021  09:48:52.299588,9.940591E-4,-5.869142E-5
5/26/2021  09:48:52.299590,-6.164043E-4,-7.479725E-5
5/26/2021  09:48:52.299592,-2.943116E-4,-5.869142E-5
5/26/2021  09:48:52.299593,-2.943116E-4,-4.258560E-5
5/26/2021  09:48:52.299595,2.778109E-5,-5.869142E-5
5/26/2021  09:48:52.299597,-2.943116E-4,-2.647978E-5
5/26/2021  09:48:52.299598,-2.943116E-4,-7.479725E-5
5/26/2021  09:48:52.299600,-2.943116E-4,-1.037395E-5
5/26/2021  09:48:52.299602,-2.943116E-4,-4.258560E-5
5/26/2021  09:48:52.299603,3.498738E-4,-1.070089E-4
5/26/2021  09:48:52.299605,-6.164043E-4,-5.869142E-5
5/26/2021  09:48:52.299607,-6.164043E-4,-4.258560E-5
5/26/2021  09:48:52.299608,-2.943116E-4,-9.090307E-5
5/26/2021  09:48:52.299610,-2.943116E-4,-9.090307E-5
5/26/2021  09:48:52.299612,-2.943116E-4,-1.037395E-5
5/26/2021  09:48:52.299613,-2.943116E-4,-9.090307E-5
5/26/2021  09:48:52.299615,-6.164043E-4,-7.479725E-5
5/26/2021  09:48:52.299617,-2.943116E-4,-9.090307E-5
5/26/2021  09:48:52.299618,2.778109E-5,-5.869142E-5
5/26/2021  09:48:52.299620,-6.164043E-4,-4.258560E-5
5/26/2021  09:48:52.299621,2.778109E-5,-5.869142E-5
5/26/2021  09:48:52.299623,-2.943116E-4,-2.647978E-5
5/26/2021  09:48:52.299625,-6.164043E-4,-4.258560E-5
5/26/2021  09:48:52.299626,2.778109E-5,-5.869142E-5
5/26/2021  09:48:52.299628,-2.943116E-4,-5.869142E-5
5/26/2021  09:48:52.299630,-6.164043E-4,-2.647978E-5
5/26/2021  09:48:52.299631,-2.943116E-4,-4.258560E-5
5/26/2021  09:48:52.299633,-2.943116E-4,-9.090307E-5
5/26/2021  09:48:52.299635,-2.943116E-4,-2.647978E-5
5/26/2021  09:48:52.299636,2.778109E-5,-1.070089E-4
5/26/2021  09:48:52.299638,3.498738E-4,-4.258560E-5
5/26/2021  09:48:52.299640,-9.384969E-4,5.731870E-6
5/26/2021  09:48:52.299641,2.778109E-5,-7.479725E-5
5/26/2021  09:48:52.299643,-2.943116E-4,-7.479725E-5
5/26/2021  09:48:52.299645,-2.943116E-4,-2.647978E-5
5/26/2021  09:48:52.299646,-6.164043E-4,-4.258560E-5
5/26/2021  09:48:52.299648,3.498738E-4,-4.258560E-5
5/26/2021  09:48:52.299650,-6.164043E-4,-7.479725E-5
5/26/2021  09:48:52.299651,2.778109E-5,-9.090307E-5
5/26/2021  09:48:52.299653,2.778109E-5,-5.869142E-5
5/26/2021  09:48:52.299654,-2.943116E-4,-5.869142E-5
5/26/2021  09:48:52.299656,2.778109E-5,-4.258560E-5
5/26/2021  09:48:52.299658,2.778109E-5,-5.869142E-5
5/26/2021  09:48:52.299659,2.778109E-5,-7.479725E-5
5/26/2021  09:48:52.299661,-2.943116E-4,-5.869142E-5
5/26/2021  09:48:52.299663,2.778109E-5,-7.479725E-5
5/26/2021  09:48:52.299664,-6.164043E-4,-7.479725E-5
5/26/2021  09:48:52.299666,2.778109E-5,-9.090307E-5
5/26/2021  09:48:52.299668,3.498738E-4,-7.479725E-5
5/26/2021  09:48:52.299669,2.778109E-5,-7.479725E-5
5/26/2021  09:48:52.299671,2.778109E-5,-7.479725E-5
5/26/2021  09:48:52.299673,3.498738E-4,-9.090307E-5
5/26/2021  09:48:52.299674,3.498738E-4,-7.479725E-5
5/26/2021  09:48:52.299676,-2.943116E-4,-9.090307E-5
5/26/2021  09:48:52.299678,-2.943116E-4,-1.231147E-4
5/26/2021  09:48:52.299679,-2.943116E-4,-5.869142E-5
5/26/2021  09:48:52.299681,-2.943116E-4,-5.869142E-5
5/26/2021  09:48:52.299683,-9.384969E-4,-4.258560E-5
5/26/2021  09:48:52.299684,2.778109E-5,-7.479725E-5
5/26/2021  09:48:52.299686,-2.943116E-4,-7.479725E-5
5/26/2021  09:48:52.299687,2.778109E-5,5.731870E-6
5/26/2021  09:48:52.299689,2.778109E-5,-5.869142E-5
5/26/2021  09:48:52.299691,-2.943116E-4,-2.647978E-5
5/26/2021  09:48:52.299692,2.778109E-5,-7.479725E-5
5/26/2021  09:48:52.299694,3.498738E-4,-7.479725E-5
5/26/2021  09:48:52.299696,-2.943116E-4,-5.869142E-5
5/26/2021  09:48:52.299697,-2.943116E-4,-5.869142E-5
5/26/2021  09:48:52.299699,2.778109E-5,-2.647978E-5
5/26/2021  09:48:52.299701,2.778109E-5,-9.090307E-5
5/26/2021  09:48:52.299702,-6.164043E-4,-7.479725E-5
5/26/2021  09:48:52.299704,2.778109E-5,-1.231147E-4
5/26/2021  09:48:52.299706,2.778109E-5,-4.258560E-5
5/26/2021  09:48:52.299707,3.498738E-4,-5.869142E-5
5/26/2021  09:48:52.299709,-6.164043E-4,-7.479725E-5
5/26/2021  09:48:52.299711,-2.943116E-4,-4.258560E-5
5/26/2021  09:48:52.299712,-2.943116E-4,-7.479725E-5
5/26/2021  09:48:52.299714,2.778109E-5,-1.070089E-4
5/26/2021  09:48:52.299716,-2.943116E-4,-7.479725E-5
5/26/2021  09:48:52.299717,-6.164043E-4,-7.479725E-5
5/26/2021  09:48:52.299719,-2.943116E-4,-5.869142E-5
5/26/2021  09:48:52.299720,-2.943116E-4,-7.479725E-5
5/26/2021  09:48:52.299722,3.498738E-4,-2.647978E-5
5/26/2021  09:48:52.299724,-9.384969E-4,-7.479725E-5
5/26/2021  09:48:52.299725,-2.943116E-4,-7.479725E-5
5/26/2021  09:48:52.299727,-2.943116E-4,-4.258560E-5
5/26/2021  09:48:52.299729,2.778109E-5,-5.869142E-5
5/26/2021  09:48:52.299730,-6.164043E-4,-7.479725E-5
5/26/2021  09:48:52.299732,-2.943116E-4,-4.258560E-5
5/26/2021  09:48:52.299734,3.498738E-4,-5.869142E-5
5/26/2021  09:48:52.299735,-2.943116E-4,-5.869142E-5
5/26/2021  09:48:52.299737,3.498738E-4,-1.070089E-4
5/26/2021  09:48:52.299739,-2.943116E-4,-5.869142E-5
5/26/2021  09:48:52.299740,-2.943116E-4,-7.479725E-5
5/26/2021  09:48:52.299742,3.498738E-4,-5.869142E-5
5/26/2021  09:48:52.299744,2.778109E-5,-2.647978E-5
5/26/2021  09:48:52.299745,-6.164043E-4,-9.090307E-5
5/26/2021  09:48:52.299747,-6.164043E-4,-1.037395E-5
5/26/2021  09:48:52.299749,-2.943116E-4,-1.070089E-4
5/26/2021  09:48:52.299750,3.498738E-4,-4.258560E-5
5/26/2021  09:48:52.299752,2.778109E-5,-2.647978E-5
5/26/2021  09:48:52.299753,3.498738E-4,-9.090307E-5
5/26/2021  09:48:52.299755,-2.943116E-4,-9.090307E-5
5/26/2021  09:48:52.299757,-2.943116E-4,-1.070089E-4
5/26/2021  09:48:52.299758,-6.164043E-4,-4.258560E-5
5/26/2021  09:48:52.299760,-2.943116E-4,-7.479725E-5
5/26/2021  09:48:52.299762,-2.943116E-4,-9.090307E-5
5/26/2021  09:48:52.299763,3.498738E-4,-9.090307E-5
5/26/2021  09:48:52.299765,-2.943116E-4,-7.479725E-5
5/26/2021  09:48:52.299767,-2.943116E-4,-9.090307E-5
5/26/2021  09:48:52.299768,-2.943116E-4,-1.231147E-4
5/26/2021  09:48:52.299770,-2.943116E-4,-5.869142E-5
5/26/2021  09:48:52.299772,2.778109E-5,-9.090307E-5
5/26/2021  09:48:52.299773,-6.164043E-4,-4.258560E-5
5/26/2021  09:48:52.299775,2.778109E-5,-7.479725E-5
5/26/2021  09:48:52.299777,-6.164043E-4,-2.647978E-5
5/26/2021  09:48:52.299778,-2.943116E-4,-5.869142E-5
5/26/2021  09:48:52.299780,-2.943116E-4,-7.479725E-5
5/26/2021  09:48:52.299782,3.498738E-4,-9.090307E-5
5/26/2021  09:48:52.299783,-2.943116E-4,-5.869142E-5
5/26/2021  09:48:52.299785,-2.943116E-4,-9.090307E-5
5/26/2021  09:48:52.299786,-6.164043E-4,-5.869142E-5
5/26/2021  09:48:52.299788,6.719664E-4,-7.479725E-5
5/26/2021  09:48:52.299790,2.778109E-5,-1.070089E-4
5/26/2021  09:48:52.299791,-6.164043E-4,-5.869142E-5
5/26/2021  09:48:52.299793,-2.943116E-4,-4.258560E-5
5/26/2021  09:48:52.299795,2.778109E-5,-7.479725E-5
5/26/2021  09:48:52.299796,3.498738E-4,-7.479725E-5
5/26/2021  09:48:52.299798,-2.943116E-4,-1.070089E-4
5/26/2021  09:48:52.299800,-6.164043E-4,-5.869142E-5
5/26/2021  09:48:52.299801,-2.943116E-4,-1.231147E-4
5/26/2021  09:48:52.299803,-2.943116E-4,-5.869142E-5
5/26/2021  09:48:52.299805,-6.164043E-4,-7.479725E-5
5/26/2021  09:48:52.299806,-9.384969E-4,-9.090307E-5
5/26/2021  09:48:52.299808,2.778109E-5,-9.090307E-5
5/26/2021  09:48:52.299810,-2.943116E-4,-9.090307E-5
5/26/2021  09:48:52.299811,2.778109E-5,-9.090307E-5
5/26/2021  09:48:52.299813,2.778109E-5,-7.479725E-5
5/26/2021  09:48:52.299815,2.778109E-5,-1.070089E-4
5/26/2021  09:48:52.299816,-2.943116E-4,-7.479725E-5
5/26/2021  09:48:52.299818,-6.164043E-4,-4.258560E-5
5/26/2021  09:48:52.299819,3.498738E-4,-1.231147E-4
5/26/2021  09:48:52.299821,-2.943116E-4,-9.090307E-5
5/26/2021  09:48:52.299823,2.778109E-5,-1.070089E-4
5/26/2021  09:48:52.299824,2.778109E-5,-9.090307E-5
5/26/2021  09:48:52.299826,-2.943116E-4,-5.869142E-5
5/26/2021  09:48:52.299828,2.778109E-5,-1.392205E-4
5/26/2021  09:48:52.299829,2.778109E-5,-2.647978E-5
5/26/2021  09:48:52.299831,-6.164043E-4,-4.258560E-5
5/26/2021  09:48:52.299833,2.778109E-5,-7.479725E-5
5/26/2021  09:48:52.299834,-2.943116E-4,-9.090307E-5
5/26/2021  09:48:52.299836,-6.164043E-4,-7.479725E-5
5/26/2021  09:48:52.299838,-6.164043E-4,-9.090307E-5
5/26/2021  09:48:52.299839,-2.943116E-4,-9.090307E-5
5/26/2021  09:48:52.299841,2.778109E-5,-9.090307E-5
5/26/2021  09:48:52.299843,-6.164043E-4,-2.647978E-5
5/26/2021  09:48:52.299844,-2.943116E-4,-1.037395E-5
5/26/2021  09:48:52.299846,2.778109E-5,-7.479725E-5
5/26/2021  09:48:52.299848,-2.943116E-4,-5.869142E-5
5/26/2021  09:48:52.299849,2.778109E-5,-9.090307E-5
5/26/2021  09:48:52.299851,-6.164043E-4,-2.647978E-5
5/26/2021  09:48:52.299852,-6.164043E-4,-1.037395E-5
5/26/2021  09:48:52.299854,3.498738E-4,-5.869142E-5
5/26/2021  09:48:52.299856,2.778109E-5,-5.869142E-5
5/26/2021  09:48:52.299857,-2.943116E-4,-5.869142E-5
5/26/2021  09:48:52.299859,2.778109E-5,-4.258560E-5
5/26/2021  09:48:52.299861,2.778109E-5,-7.479725E-5
5/26/2021  09:48:52.299862,-2.943116E-4,-7.479725E-5
5/26/2021  09:48:52.299864,-6.164043E-4,-1.037395E-5
5/26/2021  09:48:52.299866,-2.943116E-4,-7.479725E-5
5/26/2021  09:48:52.299867,-2.943116E-4,-1.070089E-4
5/26/2021  09:48:52.299869,-2.943116E-4,-7.479725E-5
5/26/2021  09:48:52.299871,3.498738E-4,-9.090307E-5
5/26/2021  09:48:52.299872,2.778109E-5,-2.647978E-5
5/26/2021  09:48:52.299874,-2.943116E-4,-9.090307E-5
5/26/2021  09:48:52.299876,-2.943116E-4,-7.479725E-5
5/26/2021  09:48:52.299877,2.778109E-5,-5.869142E-5
5/26/2021  09:48:52.299879,-2.943116E-4,-2.647978E-5
5/26/2021  09:48:52.299881,2.778109E-5,-4.258560E-5
5/26/2021  09:48:52.299882,-2.943116E-4,-7.479725E-5
5/26/2021  09:48:52.299884,2.778109E-5,-1.037395E-5
5/26/2021  09:48:52.299885,-2.943116E-4,-4.258560E-5
5/26/2021  09:48:52.299887,2.778109E-5,-5.869142E-5
5/26/2021  09:48:52.299889,2.778109E-5,-2.647978E-5
5/26/2021  09:48:52.299890,2.778109E-5,-5.869142E-5
5/26/2021  09:48:52.299892,2.778109E-5,-9.090307E-5
5/26/2021  09:48:52.299894,-2.943116E-4,-9.090307E-5
5/26/2021  09:48:52.299895,3.498738E-4,-7.479725E-5
5/26/2021  09:48:52.299897,2.778109E-5,-7.479725E-5
5/26/2021  09:48:52.299899,-2.943116E-4,-5.869142E-5
5/26/2021  09:48:52.299900,2.778109E-5,-7.479725E-5
5/26/2021  09:48:52.299902,-2.943116E-4,-2.647978E-5
5/26/2021  09:48:52.299904,2.778109E-5,-5.869142E-5
5/26/2021  09:48:52.299905,-2.943116E-4,-7.479725E-5
5/26/2021  09:48:52.299907,-2.943116E-4,-7.479725E-5
5/26/2021  09:48:52.299909,2.778109E-5,-9.090307E-5
5/26/2021  09:48:52.299910,-6.164043E-4,-5.869142E-5
5/26/2021  09:48:52.299912,-2.943116E-4,-1.231147E-4
5/26/2021  09:48:52.299914,2.778109E-5,-2.647978E-5
5/26/2021  09:48:52.299915,-6.164043E-4,-4.258560E-5
5/26/2021  09:48:52.299917,-6.164043E-4,-7.479725E-5
5/26/2021  09:48:52.299918,-6.164043E-4,-7.479725E-5
5/26/2021  09:48:52.299920,-6.164043E-4,-7.479725E-5
5/26/2021  09:48:52.299922,3.498738E-4,-9.090307E-5
5/26/2021  09:48:52.299923,2.778109E-5,-4.258560E-5
5/26/2021  09:48:52.299925,-2.943116E-4,-9.090307E-5
5/26/2021  09:48:52.299927,-6.164043E-4,-4.258560E-5
5/26/2021  09:48:52.299928,-2.943116E-4,-5.869142E-5
5/26/2021  09:48:52.299930,-2.943116E-4,-5.869142E-5
5/26/2021  09:48:52.299932,-2.943116E-4,-9.090307E-5
5/26/2021  09:48:52.299933,-6.164043E-4,-7.479725E-5
5/26/2021  09:48:52.299935,-2.943116E-4,-4.258560E-5
5/26/2021  09:48:52.299937,2.778109E-5,-5.869142E-5
5/26/2021  09:48:52.299938,-2.943116E-4,-2.647978E-5
5/26/2021  09:48:52.299940,2.778109E-5,-7.479725E-5
5/26/2021  09:48:52.299942,3.498738E-4,-5.869142E-5
5/26/2021  09:48:52.299943,-6.164043E-4,-9.090307E-5
5/26/2021  09:48:52.299945,3.498738E-4,-9.090307E-5
5/26/2021  09:48:52.299947,-2.943116E-4,-5.869142E-5
5/26/2021  09:48:52.299948,-2.943116E-4,-2.647978E-5
5/26/2021  09:48:52.299950,-2.943116E-4,-5.869142E-5
5/26/2021  09:48:52.299951,-6.164043E-4,-5.869142E-5
5/26/2021  09:48:52.299953,-2.943116E-4,-1.070089E-4
5/26/2021  09:48:52.299955,-6.164043E-4,-4.258560E-5
5/26/2021  09:48:52.299956,2.778109E-5,-2.647978E-5
5/26/2021  09:48:52.299958,-6.164043E-4,-5.869142E-5
5/26/2021  09:48:52.299960,2.778109E-5,-2.647978E-5
5/26/2021  09:48:52.299961,-2.943116E-4,-9.090307E-5
5/26/2021  09:48:52.299963,-6.164043E-4,-5.869142E-5
5/26/2021  09:48:52.299965,-2.943116E-4,-4.258560E-5
5/26/2021  09:48:52.299966,2.778109E-5,-9.090307E-5
5/26/2021  09:48:52.299968,-6.164043E-4,-4.258560E-5
5/26/2021  09:48:52.299970,2.778109E-5,-9.090307E-5
5/26/2021  09:48:52.299971,3.498738E-4,-4.258560E-5
5/26/2021  09:48:52.299973,2.778109E-5,-9.090307E-5
5/26/2021  09:48:52.299975,-2.943116E-4,-7.479725E-5
5/26/2021  09:48:52.299976,2.778109E-5,-7.479725E-5
5/26/2021  09:48:52.299978,-2.943116E-4,-9.090307E-5
5/26/2021  09:48:52.299980,-2.943116E-4,-9.090307E-5
5/26/2021  09:48:52.299981,2.778109E-5,-5.869142E-5
5/26/2021  09:48:52.299983,-6.164043E-4,-7.479725E-5
5/26/2021  09:48:52.299984,2.778109E-5,-5.869142E-5
5/26/2021  09:48:52.299986,3.498738E-4,-5.869142E-5
5/26/2021  09:48:52.299988,-2.943116E-4,-7.479725E-5
5/26/2021  09:48:52.299989,-2.943116E-4,-5.869142E-5
5/26/2021  09:48:52.299991,2.778109E-5,-1.070089E-4
5/26/2021  09:48:52.299993,-2.943116E-4,-2.647978E-5
5/26/2021  09:48:52.299994,-9.384969E-4,-5.869142E-5
5/26/2021  09:48:52.299996,2.778109E-5,-4.258560E-5
5/26/2021  09:48:52.299998,-6.164043E-4,-9.090307E-5
5/26/2021  09:48:52.299999,2.778109E-5,-5.869142E-5
5/26/2021  09:48:52.300001,2.778109E-5,-5.869142E-5
5/26/2021  09:48:52.300003,3.498738E-4,-9.090307E-5
5/26/2021  09:48:52.300004,2.778109E-5,-4.258560E-5
5/26/2021  09:48:52.300006,2.778109E-5,-4.258560E-5
5/26/2021  09:48:52.300008,-2.943116E-4,-1.070089E-4
5/26/2021  09:48:52.300009,2.778109E-5,-4.258560E-5
5/26/2021  09:48:52.300011,3.498738E-4,-5.869142E-5
5/26/2021  09:48:52.300013,2.778109E-5,-2.647978E-5
5/26/2021  09:48:52.300014,2.778109E-5,-7.479725E-5
5/26/2021  09:48:52.300016,3.498738E-4,-9.090307E-5
5/26/2021  09:48:52.300017,2.778109E-5,-4.258560E-5
5/26/2021  09:48:52.300019,-6.164043E-4,-9.090307E-5
5/26/2021  09:48:52.300021,6.719664E-4,-2.647978E-5
5/26/2021  09:48:52.300022,-6.164043E-4,-7.479725E-5
5/26/2021  09:48:52.300024,-6.164043E-4,-7.479725E-5
5/26/2021  09:48:52.300026,-2.943116E-4,-9.090307E-5
