waveform,Trig,V_C
t0,4/16/2021  11:31:19.528906,4/16/2021  11:31:19.528907
delta t,2.000000E-6,2.000000E-6

time,Trig,V_C
4/16/2021  11:31:19.528906,7.904476E+0,4.036276E-2
4/16/2021  11:31:19.528908,-9.160576E-2,2.254099E-1
4/16/2021  11:31:19.528910,-1.186744E-1,4.086857E-1
4/16/2021  11:31:19.528912,-1.131962E-1,5.711861E-1
4/16/2021  11:31:19.528914,-1.086848E-1,7.111395E-1
4/16/2021  11:31:19.528916,-9.450597E-2,8.269354E-1
4/16/2021  11:31:19.528918,-8.387186E-2,9.164800E-1
4/16/2021  11:31:19.528920,-6.969305E-2,9.789680E-1
4/16/2021  11:31:19.528922,-6.711509E-2,1.013433E+0
4/16/2021  11:31:19.528924,-4.971382E-2,1.019714E+0
4/16/2021  11:31:19.528926,-3.682400E-2,9.990995E-1
4/16/2021  11:31:19.528928,-2.909010E-2,9.515893E-1
4/16/2021  11:31:19.528930,-1.523354E-2,8.800824E-1
4/16/2021  11:31:19.528932,-1.491129E-2,7.871557E-1
4/16/2021  11:31:19.528934,1.845487E-3,6.752251E-1
4/16/2021  11:31:19.528936,7.001418E-3,5.489610E-1
4/16/2021  11:31:19.528938,1.247960E-2,4.109404E-1
4/16/2021  11:31:19.528940,1.731328E-2,2.650284E-1
4/16/2021  11:31:19.528942,1.537981E-2,1.147681E-1
4/16/2021  11:31:19.528944,1.731328E-2,-3.678043E-2
4/16/2021  11:31:19.528946,1.119061E-2,-1.859131E-1
4/16/2021  11:31:19.528948,1.473532E-2,-3.253828E-1
4/16/2021  11:31:19.528950,9.257138E-3,-4.519683E-1
4/16/2021  11:31:19.528952,1.523241E-3,-5.629320E-1
4/16/2021  11:31:19.528954,-4.102329E-4,-6.565022E-1
4/16/2021  11:31:19.528956,-1.297782E-2,-7.313906E-1
4/16/2021  11:31:19.528958,-1.394455E-2,-7.861477E-1
4/16/2021  11:31:19.528960,-3.327929E-2,-8.204514E-1
4/16/2021  11:31:19.528962,-3.972421E-2,-8.339797E-1
4/16/2021  11:31:19.528964,-4.488014E-2,-8.262493E-1
4/16/2021  11:31:19.528966,-5.648098E-2,-7.988707E-1
4/16/2021  11:31:19.528968,-6.067018E-2,-7.526493E-1
4/16/2021  11:31:19.528970,-7.452674E-2,-6.890344E-1
4/16/2021  11:31:19.528972,-7.420449E-2,-6.112471E-1
4/16/2021  11:31:19.528974,-8.387186E-2,-5.207368E-1
4/16/2021  11:31:19.528976,-8.709432E-2,-4.208856E-1
4/16/2021  11:31:19.528978,-8.773881E-2,-3.137871E-1
4/16/2021  11:31:19.528980,-9.386148E-2,-2.028234E-1
4/16/2021  11:31:19.528982,-9.031678E-2,-8.976603E-2
4/16/2021  11:31:19.528984,-9.547271E-2,2.184195E-2
4/16/2021  11:31:19.528986,-8.677207E-2,1.278132E-1
4/16/2021  11:31:19.528988,-8.999453E-2,2.249267E-1
4/16/2021  11:31:19.528990,-8.161614E-2,3.115720E-1
4/16/2021  11:31:19.528992,-7.710471E-2,3.853333E-1
4/16/2021  11:31:19.528994,-7.581572E-2,4.454053E-1
4/16/2021  11:31:19.528996,-6.389263E-2,4.911437E-1
4/16/2021  11:31:19.528998,-6.228140E-2,5.212603E-1
4/16/2021  11:31:19.529000,-4.939158E-2,5.355938E-1
4/16/2021  11:31:19.529002,-5.068056E-2,5.346275E-1
4/16/2021  11:31:19.529004,-4.391340E-2,5.186834E-1
4/16/2021  11:31:19.529006,-3.037908E-2,4.884059E-1
4/16/2021  11:31:19.529008,-3.166807E-2,4.447611E-1
4/16/2021  11:31:19.529010,-2.103396E-2,3.896817E-1
4/16/2021  11:31:19.529012,-2.876785E-2,3.249392E-1
4/16/2021  11:31:19.529014,-1.330006E-2,2.523054E-1
4/16/2021  11:31:19.529016,-1.620027E-2,1.737126E-1
4/16/2021  11:31:19.529018,-1.330006E-2,9.173789E-2
4/16/2021  11:31:19.529020,-5.888410E-3,7.991608E-3
4/16/2021  11:31:19.529022,-1.458904E-2,-7.494939E-2
4/16/2021  11:31:19.529024,-8.466375E-3,-1.549915E-1
4/16/2021  11:31:19.529026,-1.910048E-2,-2.292357E-1
4/16/2021  11:31:19.529028,-1.555578E-2,-2.959105E-1
4/16/2021  11:31:19.529030,-2.296743E-2,-3.532445E-1
4/16/2021  11:31:19.529032,-2.715663E-2,-4.009154E-1
4/16/2021  11:31:19.529034,-2.490091E-2,-4.376348E-1
4/16/2021  11:31:19.529036,-3.779073E-2,-4.627587E-1
4/16/2021  11:31:19.529038,-3.521277E-2,-4.761259E-1
4/16/2021  11:31:19.529040,-4.842484E-2,-4.778974E-1
4/16/2021  11:31:19.529042,-4.778035E-2,-4.682344E-1
4/16/2021  11:31:19.529044,-5.325853E-2,-4.477810E-1
4/16/2021  11:31:19.529046,-5.873670E-2,-4.166983E-1
4/16/2021  11:31:19.529048,-5.809221E-2,-3.770799E-1
4/16/2021  11:31:19.529050,-6.904856E-2,-3.300532E-1
4/16/2021  11:31:19.529052,-6.679284E-2,-2.769066E-1
4/16/2021  11:31:19.529054,-7.227102E-2,-2.187674E-1
4/16/2021  11:31:19.529056,-6.969305E-2,-1.580514E-1
4/16/2021  11:31:19.529058,-7.033755E-2,-9.588595E-2
4/16/2021  11:31:19.529060,-7.227102E-2,-3.372047E-2
4/16/2021  11:31:19.529062,-6.614835E-2,2.619032E-2
4/16/2021  11:31:19.529064,-7.065979E-2,8.223590E-2
4/16/2021  11:31:19.529066,-6.550386E-2,1.328058E-1
4/16/2021  11:31:19.529068,-6.582611E-2,1.769337E-1
4/16/2021  11:31:19.529070,-6.034793E-2,2.133311E-1
4/16/2021  11:31:19.529072,-5.809221E-2,2.419981E-1
4/16/2021  11:31:19.529074,-5.551425E-2,2.616463E-1
4/16/2021  11:31:19.529076,-4.520238E-2,2.730809E-1
4/16/2021  11:31:19.529078,-4.971382E-2,2.753356E-1
4/16/2021  11:31:19.529080,-4.165768E-2,2.693767E-1
4/16/2021  11:31:19.529082,-3.907972E-2,2.552043E-1
4/16/2021  11:31:19.529084,-3.843522E-2,2.334624E-1
4/16/2021  11:31:19.529086,-3.199031E-2,2.044733E-1
4/16/2021  11:31:19.529088,-3.907972E-2,1.698474E-1
4/16/2021  11:31:19.529090,-2.490091E-2,1.303900E-1
4/16/2021  11:31:19.529092,-2.844561E-2,8.771162E-2
4/16/2021  11:31:19.529094,-2.618989E-2,4.245642E-2
4/16/2021  11:31:19.529096,-2.618989E-2,-3.765079E-3
4/16/2021  11:31:19.529098,-2.941235E-2,-4.998657E-2
4/16/2021  11:31:19.529100,-2.618989E-2,-9.491965E-2
4/16/2021  11:31:19.529102,-2.812336E-2,-1.367928E-1
4/16/2021  11:31:19.529104,-2.747887E-2,-1.749617E-1
4/16/2021  11:31:19.529106,-3.327929E-2,-2.082991E-1
4/16/2021  11:31:19.529108,-3.327929E-2,-2.363219E-1
4/16/2021  11:31:19.529110,-3.746849E-2,-2.583858E-1
4/16/2021  11:31:19.529112,-4.004645E-2,-2.738466E-1
4/16/2021  11:31:19.529114,-3.811298E-2,-2.825434E-1
4/16/2021  11:31:19.529116,-4.391340E-2,-2.847981E-1
4/16/2021  11:31:19.529118,-4.391340E-2,-2.809329E-1
4/16/2021  11:31:19.529120,-5.068056E-2,-2.704646E-1
4/16/2021  11:31:19.529122,-5.422526E-2,-2.541985E-1
4/16/2021  11:31:19.529124,-5.229179E-2,-2.329398E-1
4/16/2021  11:31:19.529126,-5.680323E-2,-2.073328E-1
4/16/2021  11:31:19.529128,-5.261403E-2,-1.780217E-1
4/16/2021  11:31:19.529130,-6.099242E-2,-1.462947E-1
4/16/2021  11:31:19.529132,-5.905895E-2,-1.123131E-1
4/16/2021  11:31:19.529134,-5.905895E-2,-7.768725E-2
4/16/2021  11:31:19.529136,-5.938119E-2,-4.273930E-2
4/16/2021  11:31:19.529138,-5.970344E-2,-9.562897E-3
4/16/2021  11:31:19.529140,-6.067018E-2,2.184195E-2
4/16/2021  11:31:19.529142,-5.905895E-2,5.034789E-2
4/16/2021  11:31:19.529144,-6.550386E-2,7.563283E-2
4/16/2021  11:31:19.529146,-5.486975E-2,9.656940E-2
4/16/2021  11:31:19.529148,-4.810260E-2,1.129966E-1
4/16/2021  11:31:19.529150,-5.358077E-2,1.244312E-1
4/16/2021  11:31:19.529152,-4.842484E-2,1.313563E-1
4/16/2021  11:31:19.529154,-5.035831E-2,1.329668E-1
4/16/2021  11:31:19.529156,-4.165768E-2,1.297458E-1
4/16/2021  11:31:19.529158,-4.681361E-2,1.221764E-1
4/16/2021  11:31:19.529160,-4.197993E-2,1.102587E-1
4/16/2021  11:31:19.529162,-3.489052E-2,9.415364E-2
4/16/2021  11:31:19.529164,-4.197993E-2,7.482758E-2
4/16/2021  11:31:19.529166,-3.456828E-2,5.324680E-2
4/16/2021  11:31:19.529168,-4.230217E-2,2.957238E-2
4/16/2021  11:31:19.529170,-3.360154E-2,3.965345E-3
4/16/2021  11:31:19.529172,-3.875747E-2,-2.164168E-2
4/16/2021  11:31:19.529174,-3.360154E-2,-4.789291E-2
4/16/2021  11:31:19.529176,-3.199031E-2,-7.253363E-2
4/16/2021  11:31:19.529178,-3.940196E-2,-9.588595E-2
4/16/2021  11:31:19.529180,-3.392379E-2,-1.173057E-1
4/16/2021  11:31:19.529182,-4.036870E-2,-1.358265E-1
4/16/2021  11:31:19.529184,-3.714624E-2,-1.517704E-1
4/16/2021  11:31:19.529186,-4.423565E-2,-1.638492E-1
4/16/2021  11:31:19.529188,-4.294666E-2,-1.723849E-1
4/16/2021  11:31:19.529190,-4.133544E-2,-1.776996E-1
4/16/2021  11:31:19.529192,-4.842484E-2,-1.786659E-1
4/16/2021  11:31:19.529194,-4.423565E-2,-1.760891E-1
4/16/2021  11:31:19.529196,-5.229179E-2,-1.702912E-1
4/16/2021  11:31:19.529198,-4.423565E-2,-1.612724E-1
4/16/2021  11:31:19.529200,-5.229179E-2,-1.495157E-1
4/16/2021  11:31:19.529202,-5.358077E-2,-1.351823E-1
4/16/2021  11:31:19.529204,-4.616912E-2,-1.185941E-1
4/16/2021  11:31:19.529206,-5.583649E-2,-1.007175E-1
4/16/2021  11:31:19.529208,-4.971382E-2,-8.171351E-2
4/16/2021  11:31:19.529210,-5.519200E-2,-6.238745E-2
4/16/2021  11:31:19.529212,-5.293628E-2,-4.290035E-2
4/16/2021  11:31:19.529214,-5.519200E-2,-2.437954E-2
4/16/2021  11:31:19.529216,-5.358077E-2,-6.663988E-3
4/16/2021  11:31:19.529218,-5.454751E-2,8.957911E-3
4/16/2021  11:31:19.529220,-5.390302E-2,2.264720E-2
4/16/2021  11:31:19.529222,-4.874709E-2,3.424284E-2
4/16/2021  11:31:19.529224,-5.164730E-2,4.358377E-2
4/16/2021  11:31:19.529226,-4.810260E-2,4.954264E-2
4/16/2021  11:31:19.529228,-4.842484E-2,5.324680E-2
4/16/2021  11:31:19.529230,-5.229179E-2,5.405206E-2
4/16/2021  11:31:19.529232,-4.004645E-2,5.211945E-2
4/16/2021  11:31:19.529234,-4.713586E-2,4.744899E-2
4/16/2021  11:31:19.529236,-4.262442E-2,4.052381E-2
4/16/2021  11:31:19.529238,-4.294666E-2,3.134393E-2
4/16/2021  11:31:19.529240,-4.036870E-2,2.039250E-2
4/16/2021  11:31:19.529242,-4.133544E-2,7.991608E-3
4/16/2021  11:31:19.529244,-4.488014E-2,-5.375584E-3
4/16/2021  11:31:19.529246,-3.521277E-2,-1.954803E-2
4/16/2021  11:31:19.529248,-4.294666E-2,-3.452572E-2
4/16/2021  11:31:19.529250,-3.779073E-2,-4.853711E-2
4/16/2021  11:31:19.529252,-4.197993E-2,-6.238745E-2
4/16/2021  11:31:19.529254,-3.714624E-2,-7.543254E-2
4/16/2021  11:31:19.529256,-3.940196E-2,-8.735027E-2
4/16/2021  11:31:19.529258,-4.262442E-2,-9.765750E-2
4/16/2021  11:31:19.529260,-3.907972E-2,-1.061932E-1
4/16/2021  11:31:19.529262,-4.681361E-2,-1.124741E-1
4/16/2021  11:31:19.529264,-4.359116E-2,-1.173057E-1
4/16/2021  11:31:19.529266,-4.584688E-2,-1.197214E-1
4/16/2021  11:31:19.529268,-4.874709E-2,-1.203656E-1
4/16/2021  11:31:19.529270,-4.584688E-2,-1.185941E-1
4/16/2021  11:31:19.529272,-4.874709E-2,-1.152120E-1
4/16/2021  11:31:19.529274,-4.649137E-2,-1.098973E-1
4/16/2021  11:31:19.529276,-4.745810E-2,-1.028111E-1
4/16/2021  11:31:19.529278,-4.939158E-2,-9.459755E-2
4/16/2021  11:31:19.529280,-4.810260E-2,-8.525662E-2
4/16/2021  11:31:19.529282,-5.293628E-2,-7.478834E-2
4/16/2021  11:31:19.529284,-4.616912E-2,-6.415901E-2
4/16/2021  11:31:19.529286,-5.390302E-2,-5.352968E-2
4/16/2021  11:31:19.529288,-5.035831E-2,-4.290035E-2
4/16/2021  11:31:19.529290,-4.874709E-2,-3.259312E-2
4/16/2021  11:31:19.529292,-4.906933E-2,-2.309114E-2
4/16/2021  11:31:19.529294,-4.874709E-2,-1.423336E-2
4/16/2021  11:31:19.529296,-5.261403E-2,-6.825038E-3
4/16/2021  11:31:19.529298,-4.552463E-2,-5.440688E-4
4/16/2021  11:31:19.529300,-4.649137E-2,3.965345E-3
4/16/2021  11:31:19.529302,-4.681361E-2,7.508456E-3
4/16/2021  11:31:19.529304,-4.552463E-2,9.118961E-3
4/16/2021  11:31:19.529306,-4.874709E-2,9.118961E-3
4/16/2021  11:31:19.529308,-4.359116E-2,7.669507E-3
4/16/2021  11:31:19.529310,-4.230217E-2,5.092699E-3
4/16/2021  11:31:19.529312,-4.036870E-2,7.443352E-4
4/16/2021  11:31:19.529314,-4.649137E-2,-4.409281E-3
4/16/2021  11:31:19.529316,-4.359116E-2,-1.069025E-2
4/16/2021  11:31:19.529318,-3.972421E-2,-1.761542E-2
4/16/2021  11:31:19.529320,-4.810260E-2,-2.566795E-2
4/16/2021  11:31:19.529322,-4.391340E-2,-3.307627E-2
4/16/2021  11:31:19.529324,-4.584688E-2,-4.145089E-2
4/16/2021  11:31:19.529326,-3.585726E-2,-4.902027E-2
4/16/2021  11:31:19.529328,-4.326891E-2,-5.675069E-2
4/16/2021  11:31:19.529330,-4.230217E-2,-6.383691E-2
4/16/2021  11:31:19.529332,-4.069094E-2,-6.995683E-2
4/16/2021  11:31:19.529334,-4.552463E-2,-7.527149E-2
4/16/2021  11:31:19.529336,-4.197993E-2,-7.978090E-2
4/16/2021  11:31:19.529338,-4.584688E-2,-8.332401E-2
4/16/2021  11:31:19.529340,-4.197993E-2,-8.557872E-2
4/16/2021  11:31:19.529342,-4.874709E-2,-8.670607E-2
4/16/2021  11:31:19.529344,-4.745810E-2,-8.638397E-2
4/16/2021  11:31:19.529346,-4.230217E-2,-8.493452E-2
4/16/2021  11:31:19.529348,-4.842484E-2,-8.284086E-2
4/16/2021  11:31:19.529350,-4.391340E-2,-7.945880E-2
4/16/2021  11:31:19.529352,-5.035831E-2,-7.543254E-2
4/16/2021  11:31:19.529354,-4.294666E-2,-7.076208E-2
4/16/2021  11:31:19.529356,-5.100281E-2,-6.528636E-2
4/16/2021  11:31:19.529358,-4.906933E-2,-5.948855E-2
4/16/2021  11:31:19.529360,-4.359116E-2,-5.352968E-2
4/16/2021  11:31:19.529362,-5.164730E-2,-4.773186E-2
4/16/2021  11:31:19.529364,-4.488014E-2,-4.209509E-2
4/16/2021  11:31:19.529366,-4.971382E-2,-3.613623E-2
4/16/2021  11:31:19.529368,-4.616912E-2,-3.098261E-2
4/16/2021  11:31:19.529370,-5.100281E-2,-2.647320E-2
4/16/2021  11:31:19.529372,-4.874709E-2,-2.276904E-2
4/16/2021  11:31:19.529374,-4.036870E-2,-1.954803E-2
4/16/2021  11:31:19.529376,-4.874709E-2,-1.713227E-2
4/16/2021  11:31:19.529378,-4.359116E-2,-1.536071E-2
4/16/2021  11:31:19.529380,-4.874709E-2,-1.471651E-2
4/16/2021  11:31:19.529382,-4.036870E-2,-1.487756E-2
4/16/2021  11:31:19.529384,-4.842484E-2,-1.568282E-2
4/16/2021  11:31:19.529386,-4.488014E-2,-1.777647E-2
4/16/2021  11:31:19.529388,-4.069094E-2,-2.035328E-2
4/16/2021  11:31:19.529390,-4.713586E-2,-2.357429E-2
4/16/2021  11:31:19.529392,-4.359116E-2,-2.711740E-2
4/16/2021  11:31:19.529394,-5.003607E-2,-3.130471E-2
4/16/2021  11:31:19.529396,-4.294666E-2,-3.597518E-2
4/16/2021  11:31:19.529398,-4.391340E-2,-4.016249E-2
4/16/2021  11:31:19.529400,-4.423565E-2,-4.499400E-2
4/16/2021  11:31:19.529402,-3.843522E-2,-4.934237E-2
4/16/2021  11:31:19.529404,-4.552463E-2,-5.336863E-2
4/16/2021  11:31:19.529406,-4.326891E-2,-5.739489E-2
4/16/2021  11:31:19.529408,-4.326891E-2,-6.077695E-2
4/16/2021  11:31:19.529410,-4.455789E-2,-6.383691E-2
4/16/2021  11:31:19.529412,-4.488014E-2,-6.609161E-2
4/16/2021  11:31:19.529414,-4.649137E-2,-6.754107E-2
4/16/2021  11:31:19.529416,-4.036870E-2,-6.882947E-2
4/16/2021  11:31:19.529418,-4.745810E-2,-6.931262E-2
4/16/2021  11:31:19.529420,-4.616912E-2,-6.899052E-2
4/16/2021  11:31:19.529422,-4.713586E-2,-6.802422E-2
4/16/2021  11:31:19.529424,-4.681361E-2,-6.641372E-2
4/16/2021  11:31:19.529426,-4.423565E-2,-6.480321E-2
4/16/2021  11:31:19.529428,-4.681361E-2,-6.206535E-2
4/16/2021  11:31:19.529430,-4.423565E-2,-5.916644E-2
4/16/2021  11:31:19.529432,-4.681361E-2,-5.610649E-2
4/16/2021  11:31:19.529434,-4.520238E-2,-5.272443E-2
4/16/2021  11:31:19.529436,-4.230217E-2,-4.918132E-2
4/16/2021  11:31:19.529438,-4.681361E-2,-4.563821E-2
4/16/2021  11:31:19.529440,-4.359116E-2,-4.225615E-2
4/16/2021  11:31:19.529442,-4.874709E-2,-3.935724E-2
4/16/2021  11:31:19.529444,-4.810260E-2,-3.629728E-2
4/16/2021  11:31:19.529446,-4.810260E-2,-3.372047E-2
4/16/2021  11:31:19.529448,-4.713586E-2,-3.146576E-2
4/16/2021  11:31:19.529450,-4.584688E-2,-2.985526E-2
4/16/2021  11:31:19.529452,-4.971382E-2,-2.888896E-2
4/16/2021  11:31:19.529454,-4.391340E-2,-2.792265E-2
4/16/2021  11:31:19.529456,-4.745810E-2,-2.792265E-2
4/16/2021  11:31:19.529458,-4.359116E-2,-2.824475E-2
4/16/2021  11:31:19.529460,-4.262442E-2,-2.856685E-2
4/16/2021  11:31:19.529462,-4.713586E-2,-3.001631E-2
4/16/2021  11:31:19.529464,-4.391340E-2,-3.146576E-2
4/16/2021  11:31:19.529466,-4.810260E-2,-3.355942E-2
4/16/2021  11:31:19.529468,-4.197993E-2,-3.597518E-2
4/16/2021  11:31:19.529470,-4.842484E-2,-3.822988E-2
4/16/2021  11:31:19.529472,-4.455789E-2,-4.064564E-2
4/16/2021  11:31:19.529474,-4.294666E-2,-4.322245E-2
4/16/2021  11:31:19.529476,-4.810260E-2,-4.579926E-2
4/16/2021  11:31:19.529478,-4.133544E-2,-4.853711E-2
4/16/2021  11:31:19.529480,-4.681361E-2,-5.063077E-2
4/16/2021  11:31:19.529482,-4.165768E-2,-5.272443E-2
4/16/2021  11:31:19.529484,-4.874709E-2,-5.449598E-2
4/16/2021  11:31:19.529486,-4.584688E-2,-5.594544E-2
4/16/2021  11:31:19.529488,-4.294666E-2,-5.739489E-2
4/16/2021  11:31:19.529490,-4.810260E-2,-5.803909E-2
4/16/2021  11:31:19.529492,-4.133544E-2,-5.868329E-2
4/16/2021  11:31:19.529494,-4.810260E-2,-5.884434E-2
4/16/2021  11:31:19.529496,-4.294666E-2,-5.836119E-2
4/16/2021  11:31:19.529498,-4.906933E-2,-5.787804E-2
4/16/2021  11:31:19.529500,-4.552463E-2,-5.723384E-2
4/16/2021  11:31:19.529502,-4.423565E-2,-5.578438E-2
4/16/2021  11:31:19.529504,-5.003607E-2,-5.449598E-2
4/16/2021  11:31:19.529506,-4.294666E-2,-5.288548E-2
4/16/2021  11:31:19.529508,-5.068056E-2,-5.111392E-2
4/16/2021  11:31:19.529510,-4.391340E-2,-4.918132E-2
4/16/2021  11:31:19.529512,-4.971382E-2,-4.740976E-2
4/16/2021  11:31:19.529514,-4.745810E-2,-4.547715E-2
4/16/2021  11:31:19.529516,-4.391340E-2,-4.370560E-2
4/16/2021  11:31:19.529518,-5.132505E-2,-4.177299E-2
4/16/2021  11:31:19.529520,-4.681361E-2,-4.016249E-2
4/16/2021  11:31:19.529522,-4.939158E-2,-3.903514E-2
4/16/2021  11:31:19.529524,-3.940196E-2,-3.822988E-2
4/16/2021  11:31:19.529526,-4.939158E-2,-3.758568E-2
4/16/2021  11:31:19.529528,-4.745810E-2,-3.678043E-2
4/16/2021  11:31:19.529530,-3.940196E-2,-3.645833E-2
4/16/2021  11:31:19.529532,-5.100281E-2,-3.661938E-2
4/16/2021  11:31:19.529534,-4.423565E-2,-3.694148E-2
4/16/2021  11:31:19.529536,-4.778035E-2,-3.726358E-2
4/16/2021  11:31:19.529538,-4.455789E-2,-3.806883E-2
4/16/2021  11:31:19.529540,-4.681361E-2,-3.871303E-2
4/16/2021  11:31:19.529542,-4.681361E-2,-3.984039E-2
4/16/2021  11:31:19.529544,-4.133544E-2,-4.096774E-2
4/16/2021  11:31:19.529546,-5.035831E-2,-4.257825E-2
4/16/2021  11:31:19.529548,-4.133544E-2,-4.386665E-2
4/16/2021  11:31:19.529550,-4.874709E-2,-4.515505E-2
4/16/2021  11:31:19.529552,-4.552463E-2,-4.692661E-2
4/16/2021  11:31:19.529554,-4.713586E-2,-4.789291E-2
4/16/2021  11:31:19.529556,-4.681361E-2,-4.918132E-2
4/16/2021  11:31:19.529558,-4.036870E-2,-5.046972E-2
4/16/2021  11:31:19.529560,-4.778035E-2,-5.079182E-2
4/16/2021  11:31:19.529562,-4.391340E-2,-5.208022E-2
4/16/2021  11:31:19.529564,-4.906933E-2,-5.240233E-2
4/16/2021  11:31:19.529566,-4.326891E-2,-5.272443E-2
4/16/2021  11:31:19.529568,-4.359116E-2,-5.320758E-2
4/16/2021  11:31:19.529570,-4.906933E-2,-5.304653E-2
4/16/2021  11:31:19.529572,-3.843522E-2,-5.272443E-2
4/16/2021  11:31:19.529574,-4.906933E-2,-5.208022E-2
4/16/2021  11:31:19.529576,-4.391340E-2,-5.143602E-2
4/16/2021  11:31:19.529578,-4.423565E-2,-5.063077E-2
4/16/2021  11:31:19.529580,-4.681361E-2,-4.966447E-2
4/16/2021  11:31:19.529582,-4.488014E-2,-4.869816E-2
4/16/2021  11:31:19.529584,-4.745810E-2,-4.773186E-2
4/16/2021  11:31:19.529586,-4.069094E-2,-4.660451E-2
4/16/2021  11:31:19.529588,-4.810260E-2,-4.547715E-2
4/16/2021  11:31:19.529590,-4.488014E-2,-4.451085E-2
4/16/2021  11:31:19.529592,-4.552463E-2,-4.354455E-2
4/16/2021  11:31:19.529594,-4.745810E-2,-4.257825E-2
4/16/2021  11:31:19.529596,-4.552463E-2,-4.193404E-2
4/16/2021  11:31:19.529598,-5.035831E-2,-4.112879E-2
4/16/2021  11:31:19.529600,-4.520238E-2,-4.064564E-2
4/16/2021  11:31:19.529602,-4.616912E-2,-4.016249E-2
4/16/2021  11:31:19.529604,-4.520238E-2,-3.984039E-2
4/16/2021  11:31:19.529606,-4.391340E-2,-4.000144E-2
4/16/2021  11:31:19.529608,-4.713586E-2,-4.000144E-2
4/16/2021  11:31:19.529610,-4.262442E-2,-4.032354E-2
4/16/2021  11:31:19.529612,-4.842484E-2,-4.064564E-2
4/16/2021  11:31:19.529614,-4.391340E-2,-4.128984E-2
4/16/2021  11:31:19.529616,-4.552463E-2,-4.177299E-2
4/16/2021  11:31:19.529618,-4.552463E-2,-4.241720E-2
4/16/2021  11:31:19.529620,-4.391340E-2,-4.306140E-2
4/16/2021  11:31:19.529622,-4.616912E-2,-4.370560E-2
4/16/2021  11:31:19.529624,-4.165768E-2,-4.451085E-2
4/16/2021  11:31:19.529626,-4.326891E-2,-4.531610E-2
4/16/2021  11:31:19.529628,-4.681361E-2,-4.596031E-2
4/16/2021  11:31:19.529630,-4.165768E-2,-4.692661E-2
4/16/2021  11:31:19.529632,-4.649137E-2,-4.740976E-2
4/16/2021  11:31:19.529634,-4.423565E-2,-4.773186E-2
4/16/2021  11:31:19.529636,-4.810260E-2,-4.837606E-2
4/16/2021  11:31:19.529638,-4.197993E-2,-4.853711E-2
4/16/2021  11:31:19.529640,-4.810260E-2,-4.902027E-2
4/16/2021  11:31:19.529642,-4.552463E-2,-4.902027E-2
4/16/2021  11:31:19.529644,-4.294666E-2,-4.918132E-2
4/16/2021  11:31:19.529646,-4.874709E-2,-4.934237E-2
4/16/2021  11:31:19.529648,-4.326891E-2,-4.885921E-2
4/16/2021  11:31:19.529650,-4.616912E-2,-4.853711E-2
4/16/2021  11:31:19.529652,-4.294666E-2,-4.805396E-2
4/16/2021  11:31:19.529654,-4.713586E-2,-4.773186E-2
4/16/2021  11:31:19.529656,-4.745810E-2,-4.757081E-2
4/16/2021  11:31:19.529658,-4.230217E-2,-4.692661E-2
4/16/2021  11:31:19.529660,-5.035831E-2,-4.660451E-2
4/16/2021  11:31:19.529662,-4.359116E-2,-4.612136E-2
4/16/2021  11:31:19.529664,-4.906933E-2,-4.563821E-2
4/16/2021  11:31:19.529666,-4.294666E-2,-4.483295E-2
4/16/2021  11:31:19.529668,-5.068056E-2,-4.451085E-2
4/16/2021  11:31:19.529670,-4.681361E-2,-4.434980E-2
4/16/2021  11:31:19.529672,-4.294666E-2,-4.370560E-2
4/16/2021  11:31:19.529674,-4.874709E-2,-4.354455E-2
4/16/2021  11:31:19.529676,-4.230217E-2,-4.338350E-2
4/16/2021  11:31:19.529678,-5.068056E-2,-4.338350E-2
4/16/2021  11:31:19.529680,-4.294666E-2,-4.306140E-2
4/16/2021  11:31:19.529682,-4.778035E-2,-4.338350E-2
4/16/2021  11:31:19.529684,-4.681361E-2,-4.306140E-2
4/16/2021  11:31:19.529686,-4.004645E-2,-4.322245E-2
4/16/2021  11:31:19.529688,-5.068056E-2,-4.338350E-2
4/16/2021  11:31:19.529690,-4.294666E-2,-4.386665E-2
4/16/2021  11:31:19.529692,-4.906933E-2,-4.402770E-2
4/16/2021  11:31:19.529694,-4.197993E-2,-4.434980E-2
4/16/2021  11:31:19.529696,-4.874709E-2,-4.434980E-2
4/16/2021  11:31:19.529698,-4.713586E-2,-4.531610E-2
4/16/2021  11:31:19.529700,-4.165768E-2,-4.531610E-2
4/16/2021  11:31:19.529702,-4.906933E-2,-4.596031E-2
4/16/2021  11:31:19.529704,-4.165768E-2,-4.628241E-2
4/16/2021  11:31:19.529706,-4.971382E-2,-4.660451E-2
4/16/2021  11:31:19.529708,-4.230217E-2,-4.660451E-2
4/16/2021  11:31:19.529710,-4.971382E-2,-4.708766E-2
4/16/2021  11:31:19.529712,-4.745810E-2,-4.740976E-2
4/16/2021  11:31:19.529714,-4.326891E-2,-4.724871E-2
4/16/2021  11:31:19.529716,-4.906933E-2,-4.757081E-2
4/16/2021  11:31:19.529718,-4.294666E-2,-4.740976E-2
4/16/2021  11:31:19.529720,-4.906933E-2,-4.724871E-2
4/16/2021  11:31:19.529722,-4.326891E-2,-4.740976E-2
4/16/2021  11:31:19.529724,-4.810260E-2,-4.708766E-2
4/16/2021  11:31:19.529726,-4.681361E-2,-4.724871E-2
4/16/2021  11:31:19.529728,-4.101319E-2,-4.676556E-2
4/16/2021  11:31:19.529730,-4.745810E-2,-4.708766E-2
4/16/2021  11:31:19.529732,-4.326891E-2,-4.628241E-2
4/16/2021  11:31:19.529734,-4.520238E-2,-4.628241E-2
4/16/2021  11:31:19.529736,-4.488014E-2,-4.579926E-2
4/16/2021  11:31:19.529738,-4.649137E-2,-4.563821E-2
4/16/2021  11:31:19.529740,-4.488014E-2,-4.563821E-2
4/16/2021  11:31:19.529742,-4.262442E-2,-4.531610E-2
4/16/2021  11:31:19.529744,-4.939158E-2,-4.515505E-2
4/16/2021  11:31:19.529746,-4.391340E-2,-4.483295E-2
4/16/2021  11:31:19.529748,-4.842484E-2,-4.434980E-2
4/16/2021  11:31:19.529750,-4.906933E-2,-4.451085E-2
4/16/2021  11:31:19.529752,-4.359116E-2,-4.451085E-2
4/16/2021  11:31:19.529754,-4.842484E-2,-4.451085E-2
4/16/2021  11:31:19.529756,-4.133544E-2,-4.451085E-2
4/16/2021  11:31:19.529758,-4.745810E-2,-4.451085E-2
4/16/2021  11:31:19.529760,-4.552463E-2,-4.451085E-2
4/16/2021  11:31:19.529762,-4.584688E-2,-4.483295E-2
4/16/2021  11:31:19.529764,-4.584688E-2,-4.483295E-2
4/16/2021  11:31:19.529766,-4.584688E-2,-4.499400E-2
4/16/2021  11:31:19.529768,-4.681361E-2,-4.531610E-2
4/16/2021  11:31:19.529770,-4.133544E-2,-4.547715E-2
4/16/2021  11:31:19.529772,-4.488014E-2,-4.579926E-2
4/16/2021  11:31:19.529774,-4.326891E-2,-4.579926E-2
4/16/2021  11:31:19.529776,-4.359116E-2,-4.612136E-2
4/16/2021  11:31:19.529778,-4.906933E-2,-4.628241E-2
4/16/2021  11:31:19.529780,-4.391340E-2,-4.644346E-2
4/16/2021  11:31:19.529782,-4.810260E-2,-4.644346E-2
4/16/2021  11:31:19.529784,-4.359116E-2,-4.676556E-2
4/16/2021  11:31:19.529786,-4.584688E-2,-4.660451E-2
4/16/2021  11:31:19.529788,-4.455789E-2,-4.692661E-2
4/16/2021  11:31:19.529790,-4.455789E-2,-4.724871E-2
4/16/2021  11:31:19.529792,-5.100281E-2,-4.692661E-2
4/16/2021  11:31:19.529794,-4.391340E-2,-4.676556E-2
4/16/2021  11:31:19.529796,-4.681361E-2,-4.692661E-2
4/16/2021  11:31:19.529798,-4.262442E-2,-4.692661E-2
4/16/2021  11:31:19.529800,-4.359116E-2,-4.692661E-2
4/16/2021  11:31:19.529802,-4.810260E-2,-4.676556E-2
4/16/2021  11:31:19.529804,-4.423565E-2,-4.644346E-2
4/16/2021  11:31:19.529806,-4.681361E-2,-4.628241E-2
4/16/2021  11:31:19.529808,-4.262442E-2,-4.612136E-2
4/16/2021  11:31:19.529810,-4.971382E-2,-4.579926E-2
4/16/2021  11:31:19.529812,-4.520238E-2,-4.563821E-2
4/16/2021  11:31:19.529814,-4.230217E-2,-4.499400E-2
4/16/2021  11:31:19.529816,-4.874709E-2,-4.499400E-2
4/16/2021  11:31:19.529818,-4.488014E-2,-4.451085E-2
4/16/2021  11:31:19.529820,-4.906933E-2,-4.418875E-2
4/16/2021  11:31:19.529822,-4.133544E-2,-4.418875E-2
4/16/2021  11:31:19.529824,-4.681361E-2,-4.386665E-2
4/16/2021  11:31:19.529826,-4.262442E-2,-4.386665E-2
4/16/2021  11:31:19.529828,-4.294666E-2,-4.354455E-2
4/16/2021  11:31:19.529830,-5.003607E-2,-4.354455E-2
4/16/2021  11:31:19.529832,-4.391340E-2,-4.322245E-2
4/16/2021  11:31:19.529834,-5.003607E-2,-4.370560E-2
4/16/2021  11:31:19.529836,-3.907972E-2,-4.370560E-2
4/16/2021  11:31:19.529838,-4.842484E-2,-4.386665E-2
4/16/2021  11:31:19.529840,-4.488014E-2,-4.370560E-2
4/16/2021  11:31:19.529842,-4.874709E-2,-4.386665E-2
4/16/2021  11:31:19.529844,-4.778035E-2,-4.451085E-2
4/16/2021  11:31:19.529846,-4.197993E-2,-4.499400E-2
4/16/2021  11:31:19.529848,-5.003607E-2,-4.483295E-2
4/16/2021  11:31:19.529850,-4.230217E-2,-4.547715E-2
4/16/2021  11:31:19.529852,-4.552463E-2,-4.563821E-2
4/16/2021  11:31:19.529854,-4.616912E-2,-4.563821E-2
4/16/2021  11:31:19.529856,-4.101319E-2,-4.612136E-2
4/16/2021  11:31:19.529858,-4.713586E-2,-4.628241E-2
4/16/2021  11:31:19.529860,-4.165768E-2,-4.628241E-2
4/16/2021  11:31:19.529862,-4.906933E-2,-4.660451E-2
4/16/2021  11:31:19.529864,-4.262442E-2,-4.676556E-2
4/16/2021  11:31:19.529866,-5.003607E-2,-4.692661E-2
4/16/2021  11:31:19.529868,-4.874709E-2,-4.708766E-2
4/16/2021  11:31:19.529870,-3.875747E-2,-4.692661E-2
4/16/2021  11:31:19.529872,-5.196954E-2,-4.692661E-2
4/16/2021  11:31:19.529874,-4.230217E-2,-4.708766E-2
4/16/2021  11:31:19.529876,-4.778035E-2,-4.708766E-2
4/16/2021  11:31:19.529878,-4.391340E-2,-4.692661E-2
4/16/2021  11:31:19.529880,-4.681361E-2,-4.692661E-2
4/16/2021  11:31:19.529882,-4.584688E-2,-4.660451E-2
4/16/2021  11:31:19.529884,-4.069094E-2,-4.660451E-2
4/16/2021  11:31:19.529886,-4.842484E-2,-4.644346E-2
4/16/2021  11:31:19.529888,-4.069094E-2,-4.628241E-2
4/16/2021  11:31:19.529890,-4.778035E-2,-4.612136E-2
4/16/2021  11:31:19.529892,-4.616912E-2,-4.596031E-2
4/16/2021  11:31:19.529894,-4.874709E-2,-4.579926E-2
4/16/2021  11:31:19.529896,-4.906933E-2,-4.515505E-2
4/16/2021  11:31:19.529898,-4.101319E-2,-4.483295E-2
4/16/2021  11:31:19.529900,-4.874709E-2,-4.515505E-2
4/16/2021  11:31:19.529902,-4.197993E-2,-4.467190E-2
4/16/2021  11:31:19.529904,-4.423565E-2,-4.467190E-2
