waveform,Trig,V_R
t0,4/16/2021  11:35:40.451445,4/16/2021  11:35:40.451446
delta t,2.000000E-6,2.000000E-6

time,V_S,V_R
4/16/2021  11:35:40.451445,4.380885E+0,1.828002E-2
4/16/2021  11:35:40.451447,4.898425E+0,4.921561E-2
4/16/2021  11:35:40.451449,4.853310E+0,7.757323E-2
4/16/2021  11:35:40.451451,4.799815E+0,1.030306E-1
4/16/2021  11:35:40.451453,4.770490E+0,1.255879E-1
4/16/2021  11:35:40.451455,4.729241E+0,1.442781E-1
4/16/2021  11:35:40.451457,4.708939E+0,1.594237E-1
4/16/2021  11:35:40.451459,4.689926E+0,1.710245E-1
4/16/2021  11:35:40.451461,4.671236E+0,1.774694E-1
4/16/2021  11:35:40.451463,4.670591E+0,1.800474E-1
4/16/2021  11:35:40.451465,4.664146E+0,1.794029E-1
4/16/2021  11:35:40.451467,4.677358E+0,1.742470E-1
4/16/2021  11:35:40.451469,4.683159E+0,1.658686E-1
4/16/2021  11:35:40.451471,4.704428E+0,1.549122E-1
4/16/2021  11:35:40.451473,4.731175E+0,1.397667E-1
4/16/2021  11:35:40.451475,4.751155E+0,1.230099E-1
4/16/2021  11:35:40.451477,4.787892E+0,1.043196E-1
4/16/2021  11:35:40.451479,4.815284E+0,8.337366E-2
4/16/2021  11:35:40.451481,4.861688E+0,6.210544E-2
4/16/2021  11:35:40.451483,4.888113E+0,3.922599E-2
4/16/2021  11:35:40.451485,4.927106E+0,1.666879E-2
4/16/2021  11:35:40.451487,4.971255E+0,-5.888410E-3
4/16/2021  11:35:40.451489,4.999936E+0,-2.683438E-2
4/16/2021  11:35:40.451491,5.041507E+0,-4.681361E-2
4/16/2021  11:35:40.451493,5.065676E+0,-6.421488E-2
4/16/2021  11:35:40.451495,5.099191E+0,-7.968267E-2
4/16/2021  11:35:40.451497,5.117881E+0,-9.225025E-2
4/16/2021  11:35:40.451499,5.139473E+0,-1.028844E-1
4/16/2021  11:35:40.451501,5.161064E+0,-1.102960E-1
4/16/2021  11:35:40.451503,5.160419E+0,-1.138407E-1
4/16/2021  11:35:40.451505,5.173309E+0,-1.151297E-1
4/16/2021  11:35:40.451507,5.165575E+0,-1.144852E-1
4/16/2021  11:35:40.451509,5.170409E+0,-1.106183E-1
4/16/2021  11:35:40.451511,5.159452E+0,-1.032066E-1
4/16/2021  11:35:40.451513,5.144306E+0,-9.418372E-2
4/16/2021  11:35:40.451515,5.133350E+0,-8.451636E-2
4/16/2021  11:35:40.451517,5.107247E+0,-7.162653E-2
4/16/2021  11:35:40.451519,5.093068E+0,-5.776997E-2
4/16/2021  11:35:40.451521,5.063098E+0,-4.294666E-2
4/16/2021  11:35:40.451523,5.042474E+0,-2.780112E-2
4/16/2021  11:35:40.451525,5.013148E+0,-1.265557E-2
4/16/2021  11:35:40.451527,4.986079E+0,2.489978E-3
4/16/2021  11:35:40.451529,4.967388E+0,1.731328E-2
4/16/2021  11:35:40.451531,4.933229E+0,3.149209E-2
4/16/2021  11:35:40.451533,4.918727E+0,4.438192E-2
4/16/2021  11:35:40.451535,4.892302E+0,5.533828E-2
4/16/2021  11:35:40.451537,4.878768E+0,6.500565E-2
4/16/2021  11:35:40.451539,4.861366E+0,7.273955E-2
4/16/2021  11:35:40.451541,4.847831E+0,7.886222E-2
4/16/2021  11:35:40.451543,4.847187E+0,8.240692E-2
4/16/2021  11:35:40.451545,4.834619E+0,8.466264E-2
4/16/2021  11:35:40.451547,4.840419E+0,8.401815E-2
4/16/2021  11:35:40.451549,4.838808E+0,8.240692E-2
4/16/2021  11:35:40.451551,4.845898E+0,7.821773E-2
4/16/2021  11:35:40.451553,4.852987E+0,7.273955E-2
4/16/2021  11:35:40.451555,4.863300E+0,6.597239E-2
4/16/2021  11:35:40.451557,4.875867E+0,5.791624E-2
4/16/2021  11:35:40.451559,4.887791E+0,4.824887E-2
4/16/2021  11:35:40.451561,4.909704E+0,3.761476E-2
4/16/2021  11:35:40.451563,4.923884E+0,2.794739E-2
4/16/2021  11:35:40.451565,4.942252E+0,1.634654E-2
4/16/2021  11:35:40.451567,4.963843E+0,5.712436E-3
4/16/2021  11:35:40.451569,4.977378E+0,-4.921673E-3
4/16/2021  11:35:40.451571,4.998647E+0,-1.491129E-2
4/16/2021  11:35:40.451573,5.012182E+0,-2.425641E-2
4/16/2021  11:35:40.451575,5.037962E+0,-3.199031E-2
4/16/2021  11:35:40.451577,5.038284E+0,-3.875747E-2
4/16/2021  11:35:40.451579,5.048919E+0,-4.455789E-2
4/16/2021  11:35:40.451581,5.060520E+0,-4.906933E-2
4/16/2021  11:35:40.451583,5.064387E+0,-5.229179E-2
4/16/2021  11:35:40.451585,5.073088E+0,-5.358077E-2
4/16/2021  11:35:40.451587,5.071477E+0,-5.390302E-2
4/16/2021  11:35:40.451589,5.069221E+0,-5.229179E-2
4/16/2021  11:35:40.451591,5.067287E+0,-4.939158E-2
4/16/2021  11:35:40.451593,5.057297E+0,-4.520238E-2
4/16/2021  11:35:40.451595,5.056331E+0,-4.036870E-2
4/16/2021  11:35:40.451597,5.043118E+0,-3.489052E-2
4/16/2021  11:35:40.451599,5.034739E+0,-2.812336E-2
4/16/2021  11:35:40.451601,5.025072E+0,-2.167845E-2
4/16/2021  11:35:40.451603,5.010248E+0,-1.394455E-2
4/16/2021  11:35:40.451605,5.000903E+0,-6.532901E-3
4/16/2021  11:35:40.451607,4.983501E+0,5.565042E-4
4/16/2021  11:35:40.451609,4.977056E+0,8.290401E-3
4/16/2021  11:35:40.451611,4.957076E+0,1.505756E-2
4/16/2021  11:35:40.451613,4.949986E+0,2.118023E-2
4/16/2021  11:35:40.451615,4.943863E+0,2.730290E-2
4/16/2021  11:35:40.451617,4.927751E+0,3.245883E-2
4/16/2021  11:35:40.451619,4.925495E+0,3.664802E-2
4/16/2021  11:35:40.451621,4.913894E+0,3.954824E-2
4/16/2021  11:35:40.451623,4.918083E+0,4.148171E-2
4/16/2021  11:35:40.451625,4.909060E+0,4.244845E-2
4/16/2021  11:35:40.451627,4.908738E+0,4.212620E-2
4/16/2021  11:35:40.451629,4.915505E+0,4.148171E-2
4/16/2021  11:35:40.451631,4.910671E+0,3.987048E-2
4/16/2021  11:35:40.451633,4.919694E+0,3.761476E-2
4/16/2021  11:35:40.451635,4.917116E+0,3.407006E-2
4/16/2021  11:35:40.451637,4.930651E+0,2.923637E-2
4/16/2021  11:35:40.451639,4.932907E+0,2.504718E-2
4/16/2021  11:35:40.451641,4.943863E+0,1.989125E-2
4/16/2021  11:35:40.451643,4.956109E+0,1.505756E-2
4/16/2021  11:35:40.451645,4.959332E+0,9.257138E-3
4/16/2021  11:35:40.451647,4.973833E+0,4.423453E-3
4/16/2021  11:35:40.451649,4.974478E+0,-1.054724E-3
4/16/2021  11:35:40.451651,4.989624E+0,-5.243918E-3
4/16/2021  11:35:40.451653,4.993168E+0,-1.007760E-2
4/16/2021  11:35:40.451655,5.002836E+0,-1.426680E-2
4/16/2021  11:35:40.451657,5.012182E+0,-1.748925E-2
4/16/2021  11:35:40.451659,5.010892E+0,-2.071171E-2
4/16/2021  11:35:40.451661,5.022171E+0,-2.296743E-2
4/16/2021  11:35:40.451663,5.017015E+0,-2.393417E-2
4/16/2021  11:35:40.451665,5.027005E+0,-2.457866E-2
4/16/2021  11:35:40.451667,5.019916E+0,-2.457866E-2
4/16/2021  11:35:40.451669,5.021527E+0,-2.393417E-2
4/16/2021  11:35:40.451671,5.026683E+0,-2.264519E-2
4/16/2021  11:35:40.451673,5.014115E+0,-2.038947E-2
4/16/2021  11:35:40.451675,5.017660E+0,-1.845599E-2
4/16/2021  11:35:40.451677,5.005414E+0,-1.523354E-2
4/16/2021  11:35:40.451679,5.007992E+0,-1.136659E-2
4/16/2021  11:35:40.451681,4.997680E+0,-8.466375E-3
4/16/2021  11:35:40.451683,4.994780E+0,-4.599427E-3
4/16/2021  11:35:40.451685,4.993491E+0,-7.324786E-4
4/16/2021  11:35:40.451687,4.976089E+0,2.812224E-3
4/16/2021  11:35:40.451689,4.977700E+0,6.679173E-3
4/16/2021  11:35:40.451691,4.966099E+0,1.022388E-2
4/16/2021  11:35:40.451693,4.966099E+0,1.247960E-2
4/16/2021  11:35:40.451695,4.957720E+0,1.602430E-2
4/16/2021  11:35:40.451697,4.950308E+0,1.828002E-2
4/16/2021  11:35:40.451699,4.954820E+0,1.989125E-2
4/16/2021  11:35:40.451701,4.945152E+0,2.118023E-2
4/16/2021  11:35:40.451703,4.950308E+0,2.246921E-2
4/16/2021  11:35:40.451705,4.943863E+0,2.279146E-2
4/16/2021  11:35:40.451707,4.947086E+0,2.214697E-2
4/16/2021  11:35:40.451709,4.944186E+0,2.150248E-2
4/16/2021  11:35:40.451711,4.943541E+0,2.085798E-2
4/16/2021  11:35:40.451713,4.951275E+0,1.956900E-2
4/16/2021  11:35:40.451715,4.950308E+0,1.763553E-2
4/16/2021  11:35:40.451717,4.959009E+0,1.570205E-2
4/16/2021  11:35:40.451719,4.957720E+0,1.280184E-2
4/16/2021  11:35:40.451721,4.960621E+0,1.054612E-2
4/16/2021  11:35:40.451723,4.968999E+0,7.323664E-3
4/16/2021  11:35:40.451725,4.971255E+0,4.745698E-3
4/16/2021  11:35:40.451727,4.980600E+0,2.489978E-3
4/16/2021  11:35:40.451729,4.977378E+0,5.565042E-4
4/16/2021  11:35:40.451731,4.986723E+0,-2.343707E-3
4/16/2021  11:35:40.451733,4.987690E+0,-4.599427E-3
4/16/2021  11:35:40.451735,4.991879E+0,-6.210656E-3
4/16/2021  11:35:40.451737,4.994780E+0,-7.499638E-3
4/16/2021  11:35:40.451739,4.993491E+0,-9.110867E-3
4/16/2021  11:35:40.451741,5.000580E+0,-9.755358E-3
4/16/2021  11:35:40.451743,4.997358E+0,-1.072210E-2
4/16/2021  11:35:40.451745,5.001225E+0,-1.072210E-2
4/16/2021  11:35:40.451747,5.001225E+0,-1.039985E-2
4/16/2021  11:35:40.451749,4.999291E+0,-9.755358E-3
4/16/2021  11:35:40.451751,5.001547E+0,-8.788621E-3
4/16/2021  11:35:40.451753,4.995424E+0,-7.499638E-3
4/16/2021  11:35:40.451755,4.995424E+0,-6.210656E-3
4/16/2021  11:35:40.451757,4.991879E+0,-5.243918E-3
4/16/2021  11:35:40.451759,4.988979E+0,-3.632690E-3
4/16/2021  11:35:40.451761,4.986401E+0,-1.376970E-3
4/16/2021  11:35:40.451763,4.980600E+0,2.342585E-4
4/16/2021  11:35:40.451765,4.983179E+0,2.167733E-3
4/16/2021  11:35:40.451767,4.974478E+0,3.778961E-3
4/16/2021  11:35:40.451769,4.973833E+0,6.034681E-3
4/16/2021  11:35:40.451771,4.973511E+0,7.323664E-3
4/16/2021  11:35:40.451773,4.968677E+0,8.612647E-3
4/16/2021  11:35:40.451775,4.968999E+0,9.579384E-3
4/16/2021  11:35:40.451777,4.961587E+0,1.119061E-2
4/16/2021  11:35:40.451779,4.965777E+0,1.183510E-2
4/16/2021  11:35:40.451781,4.961910E+0,1.280184E-2
4/16/2021  11:35:40.451783,4.962876E+0,1.312409E-2
4/16/2021  11:35:40.451785,4.963843E+0,1.312409E-2
4/16/2021  11:35:40.451787,4.960298E+0,1.183510E-2
4/16/2021  11:35:40.451789,4.965132E+0,1.183510E-2
4/16/2021  11:35:40.451791,4.957720E+0,1.119061E-2
4/16/2021  11:35:40.451793,4.967388E+0,1.086837E-2
4/16/2021  11:35:40.451795,4.963843E+0,9.579384E-3
4/16/2021  11:35:40.451797,4.969644E+0,8.290401E-3
4/16/2021  11:35:40.451799,4.974155E+0,6.679173E-3
4/16/2021  11:35:40.451801,4.967710E+0,5.390190E-3
4/16/2021  11:35:40.451803,4.977056E+0,4.423453E-3
4/16/2021  11:35:40.451805,4.971255E+0,3.134470E-3
4/16/2021  11:35:40.451807,4.982856E+0,1.523241E-3
4/16/2021  11:35:40.451809,4.978667E+0,8.787499E-4
4/16/2021  11:35:40.451811,4.982856E+0,-8.798718E-5
4/16/2021  11:35:40.451813,4.988979E+0,-1.054724E-3
4/16/2021  11:35:40.451815,4.981889E+0,-2.343707E-3
4/16/2021  11:35:40.451817,4.990913E+0,-2.343707E-3
4/16/2021  11:35:40.451819,4.985112E+0,-3.632690E-3
4/16/2021  11:35:40.451821,4.993491E+0,-3.954936E-3
4/16/2021  11:35:40.451823,4.987690E+0,-3.632690E-3
4/16/2021  11:35:40.451825,4.989624E+0,-3.632690E-3
4/16/2021  11:35:40.451827,4.992524E+0,-3.310444E-3
4/16/2021  11:35:40.451829,4.986401E+0,-3.310444E-3
4/16/2021  11:35:40.451831,4.991235E+0,-2.665953E-3
4/16/2021  11:35:40.451833,4.983179E+0,-1.376970E-3
4/16/2021  11:35:40.451835,4.988012E+0,-1.054724E-3
4/16/2021  11:35:40.451837,4.982534E+0,-4.102329E-4
4/16/2021  11:35:40.451839,4.982212E+0,1.200996E-3
4/16/2021  11:35:40.451841,4.986401E+0,1.523241E-3
4/16/2021  11:35:40.451843,4.975122E+0,2.812224E-3
4/16/2021  11:35:40.451845,4.978667E+0,2.812224E-3
4/16/2021  11:35:40.451847,4.973511E+0,4.745698E-3
4/16/2021  11:35:40.451849,4.977378E+0,5.067944E-3
4/16/2021  11:35:40.451851,4.972544E+0,5.712436E-3
4/16/2021  11:35:40.451853,4.970611E+0,6.356927E-3
4/16/2021  11:35:40.451855,4.975767E+0,7.645910E-3
4/16/2021  11:35:40.451857,4.966099E+0,7.323664E-3
4/16/2021  11:35:40.451859,4.972866E+0,7.645910E-3
4/16/2021  11:35:40.451861,4.966743E+0,8.290401E-3
4/16/2021  11:35:40.451863,4.972544E+0,7.968156E-3
4/16/2021  11:35:40.451865,4.966743E+0,7.968156E-3
4/16/2021  11:35:40.451867,4.968033E+0,7.001418E-3
4/16/2021  11:35:40.451869,4.974478E+0,7.001418E-3
4/16/2021  11:35:40.451871,4.966421E+0,6.679173E-3
4/16/2021  11:35:40.451873,4.974800E+0,6.034681E-3
4/16/2021  11:35:40.451875,4.973511E+0,6.034681E-3
4/16/2021  11:35:40.451877,4.973189E+0,4.745698E-3
4/16/2021  11:35:40.451879,4.974478E+0,4.101207E-3
4/16/2021  11:35:40.451881,4.972866E+0,3.456716E-3
4/16/2021  11:35:40.451883,4.980278E+0,3.134470E-3
4/16/2021  11:35:40.451885,4.975767E+0,2.489978E-3
4/16/2021  11:35:40.451887,4.981245E+0,2.167733E-3
4/16/2021  11:35:40.451889,4.979956E+0,1.200996E-3
4/16/2021  11:35:40.451891,4.980923E+0,5.565042E-4
4/16/2021  11:35:40.451893,4.981245E+0,2.342585E-4
4/16/2021  11:35:40.451895,4.980278E+0,-8.798718E-5
4/16/2021  11:35:40.451897,4.985434E+0,-8.798718E-5
4/16/2021  11:35:40.451899,4.980600E+0,-8.798718E-5
4/16/2021  11:35:40.451901,4.986079E+0,-8.798718E-5
4/16/2021  11:35:40.451903,4.983179E+0,-8.798718E-5
4/16/2021  11:35:40.451905,4.980923E+0,-4.102329E-4
4/16/2021  11:35:40.451907,4.983179E+0,-8.798718E-5
4/16/2021  11:35:40.451909,4.980923E+0,5.565042E-4
4/16/2021  11:35:40.451911,4.983823E+0,2.342585E-4
4/16/2021  11:35:40.451913,4.980600E+0,1.200996E-3
4/16/2021  11:35:40.451915,4.981245E+0,2.167733E-3
4/16/2021  11:35:40.451917,4.981567E+0,1.523241E-3
4/16/2021  11:35:40.451919,4.974155E+0,2.489978E-3
4/16/2021  11:35:40.451921,4.980923E+0,2.812224E-3
4/16/2021  11:35:40.451923,4.975444E+0,3.134470E-3
4/16/2021  11:35:40.451925,4.978667E+0,3.456716E-3
4/16/2021  11:35:40.451927,4.976411E+0,4.101207E-3
4/16/2021  11:35:40.451929,4.976089E+0,4.745698E-3
4/16/2021  11:35:40.451931,4.976733E+0,4.423453E-3
4/16/2021  11:35:40.451933,4.970611E+0,4.745698E-3
4/16/2021  11:35:40.451935,4.975767E+0,5.390190E-3
4/16/2021  11:35:40.451937,4.972222E+0,5.390190E-3
4/16/2021  11:35:40.451939,4.974478E+0,5.712436E-3
4/16/2021  11:35:40.451941,4.977056E+0,5.067944E-3
4/16/2021  11:35:40.451943,4.971900E+0,6.034681E-3
4/16/2021  11:35:40.451945,4.974155E+0,5.390190E-3
4/16/2021  11:35:40.451947,4.968677E+0,5.067944E-3
4/16/2021  11:35:40.451949,4.978022E+0,4.423453E-3
4/16/2021  11:35:40.451951,4.972544E+0,4.745698E-3
4/16/2021  11:35:40.451953,4.977056E+0,4.101207E-3
4/16/2021  11:35:40.451955,4.979311E+0,4.101207E-3
4/16/2021  11:35:40.451957,4.973511E+0,3.778961E-3
4/16/2021  11:35:40.451959,4.978989E+0,3.456716E-3
4/16/2021  11:35:40.451961,4.973511E+0,3.456716E-3
4/16/2021  11:35:40.451963,4.982212E+0,2.812224E-3
4/16/2021  11:35:40.451965,4.977378E+0,1.845487E-3
4/16/2021  11:35:40.451967,4.979634E+0,1.845487E-3
4/16/2021  11:35:40.451969,4.982212E+0,2.167733E-3
4/16/2021  11:35:40.451971,4.977700E+0,1.523241E-3
4/16/2021  11:35:40.451973,4.985434E+0,1.523241E-3
4/16/2021  11:35:40.451975,4.976411E+0,1.200996E-3
4/16/2021  11:35:40.451977,4.985112E+0,8.787499E-4
4/16/2021  11:35:40.451979,4.980600E+0,8.787499E-4
4/16/2021  11:35:40.451981,4.983501E+0,8.787499E-4
4/16/2021  11:35:40.451983,4.987046E+0,1.200996E-3
4/16/2021  11:35:40.451985,4.976089E+0,1.200996E-3
4/16/2021  11:35:40.451987,4.982856E+0,2.167733E-3
4/16/2021  11:35:40.451989,4.977700E+0,1.845487E-3
4/16/2021  11:35:40.451991,4.984145E+0,2.167733E-3
4/16/2021  11:35:40.451993,4.978667E+0,1.523241E-3
4/16/2021  11:35:40.451995,4.978667E+0,2.489978E-3
4/16/2021  11:35:40.451997,4.983823E+0,2.489978E-3
4/16/2021  11:35:40.451999,4.975122E+0,3.456716E-3
4/16/2021  11:35:40.452001,4.981567E+0,3.456716E-3
4/16/2021  11:35:40.452003,4.975122E+0,3.778961E-3
4/16/2021  11:35:40.452005,4.983501E+0,4.101207E-3
4/16/2021  11:35:40.452007,4.976089E+0,4.423453E-3
4/16/2021  11:35:40.452009,4.976089E+0,4.423453E-3
4/16/2021  11:35:40.452011,4.981567E+0,3.778961E-3
4/16/2021  11:35:40.452013,4.974800E+0,4.101207E-3
4/16/2021  11:35:40.452015,4.979634E+0,4.101207E-3
4/16/2021  11:35:40.452017,4.974478E+0,3.778961E-3
4/16/2021  11:35:40.452019,4.981567E+0,4.423453E-3
4/16/2021  11:35:40.452021,4.975444E+0,4.101207E-3
4/16/2021  11:35:40.452023,4.975767E+0,4.423453E-3
4/16/2021  11:35:40.452025,4.980923E+0,4.101207E-3
4/16/2021  11:35:40.452027,4.973511E+0,3.778961E-3
4/16/2021  11:35:40.452029,4.980600E+0,3.456716E-3
4/16/2021  11:35:40.452031,4.976089E+0,3.456716E-3
4/16/2021  11:35:40.452033,4.979956E+0,3.456716E-3
4/16/2021  11:35:40.452035,4.975767E+0,3.456716E-3
4/16/2021  11:35:40.452037,4.976733E+0,3.134470E-3
4/16/2021  11:35:40.452039,4.984145E+0,3.134470E-3
4/16/2021  11:35:40.452041,4.975444E+0,2.167733E-3
4/16/2021  11:35:40.452043,4.983823E+0,2.489978E-3
4/16/2021  11:35:40.452045,4.978989E+0,2.167733E-3
4/16/2021  11:35:40.452047,4.982212E+0,2.812224E-3
4/16/2021  11:35:40.452049,4.979634E+0,1.845487E-3
4/16/2021  11:35:40.452051,4.979311E+0,1.845487E-3
4/16/2021  11:35:40.452053,4.984790E+0,2.489978E-3
4/16/2021  11:35:40.452055,4.978022E+0,2.489978E-3
4/16/2021  11:35:40.452057,4.983501E+0,2.489978E-3
4/16/2021  11:35:40.452059,4.981245E+0,2.489978E-3
4/16/2021  11:35:40.452061,4.978989E+0,2.167733E-3
4/16/2021  11:35:40.452063,4.978667E+0,2.812224E-3
4/16/2021  11:35:40.452065,4.977700E+0,2.167733E-3
4/16/2021  11:35:40.452067,4.982534E+0,2.167733E-3
4/16/2021  11:35:40.452069,4.977056E+0,2.489978E-3
4/16/2021  11:35:40.452071,4.980600E+0,2.812224E-3
4/16/2021  11:35:40.452073,4.973833E+0,3.134470E-3
4/16/2021  11:35:40.452075,4.978022E+0,3.134470E-3
4/16/2021  11:35:40.452077,4.979311E+0,3.134470E-3
4/16/2021  11:35:40.452079,4.976733E+0,3.778961E-3
4/16/2021  11:35:40.452081,4.981567E+0,2.812224E-3
4/16/2021  11:35:40.452083,4.975444E+0,3.778961E-3
4/16/2021  11:35:40.452085,4.977378E+0,3.456716E-3
4/16/2021  11:35:40.452087,4.978989E+0,3.456716E-3
4/16/2021  11:35:40.452089,4.974155E+0,3.778961E-3
4/16/2021  11:35:40.452091,4.979634E+0,3.456716E-3
4/16/2021  11:35:40.452093,4.974155E+0,3.134470E-3
4/16/2021  11:35:40.452095,4.978022E+0,3.778961E-3
4/16/2021  11:35:40.452097,4.977056E+0,3.778961E-3
4/16/2021  11:35:40.452099,4.977056E+0,4.101207E-3
4/16/2021  11:35:40.452101,4.979956E+0,4.423453E-3
4/16/2021  11:35:40.452103,4.976089E+0,3.456716E-3
4/16/2021  11:35:40.452105,4.979634E+0,3.778961E-3
4/16/2021  11:35:40.452107,4.976733E+0,3.456716E-3
4/16/2021  11:35:40.452109,4.978345E+0,3.456716E-3
4/16/2021  11:35:40.452111,4.978022E+0,3.456716E-3
4/16/2021  11:35:40.452113,4.976411E+0,3.134470E-3
4/16/2021  11:35:40.452115,4.978667E+0,3.456716E-3
4/16/2021  11:35:40.452117,4.973833E+0,2.489978E-3
4/16/2021  11:35:40.452119,4.981889E+0,3.134470E-3
4/16/2021  11:35:40.452121,4.975767E+0,3.134470E-3
4/16/2021  11:35:40.452123,4.980278E+0,3.134470E-3
4/16/2021  11:35:40.452125,4.982212E+0,3.134470E-3
4/16/2021  11:35:40.452127,4.975767E+0,3.134470E-3
4/16/2021  11:35:40.452129,4.981245E+0,2.489978E-3
4/16/2021  11:35:40.452131,4.973833E+0,2.489978E-3
4/16/2021  11:35:40.452133,4.981245E+0,2.812224E-3
4/16/2021  11:35:40.452135,4.975767E+0,2.489978E-3
4/16/2021  11:35:40.452137,4.971577E+0,2.812224E-3
4/16/2021  11:35:40.452139,4.982534E+0,2.812224E-3
4/16/2021  11:35:40.452141,4.975444E+0,3.134470E-3
4/16/2021  11:35:40.452143,4.981889E+0,2.812224E-3
4/16/2021  11:35:40.452145,4.973833E+0,2.812224E-3
4/16/2021  11:35:40.452147,4.984145E+0,2.812224E-3
4/16/2021  11:35:40.452149,4.973511E+0,3.134470E-3
4/16/2021  11:35:40.452151,4.978667E+0,3.134470E-3
4/16/2021  11:35:40.452153,4.983179E+0,2.489978E-3
4/16/2021  11:35:40.452155,4.974478E+0,2.812224E-3
4/16/2021  11:35:40.452157,4.984468E+0,2.812224E-3
4/16/2021  11:35:40.452159,4.974800E+0,3.456716E-3
4/16/2021  11:35:40.452161,4.982534E+0,3.456716E-3
4/16/2021  11:35:40.452163,4.976089E+0,3.134470E-3
4/16/2021  11:35:40.452165,4.978022E+0,3.778961E-3
4/16/2021  11:35:40.452167,4.983179E+0,3.456716E-3
4/16/2021  11:35:40.452169,4.974478E+0,2.812224E-3
4/16/2021  11:35:40.452171,4.984468E+0,3.456716E-3
4/16/2021  11:35:40.452173,4.976733E+0,3.778961E-3
4/16/2021  11:35:40.452175,4.981889E+0,3.456716E-3
4/16/2021  11:35:40.452177,4.975122E+0,3.456716E-3
4/16/2021  11:35:40.452179,4.977700E+0,3.134470E-3
4/16/2021  11:35:40.452181,4.983179E+0,3.456716E-3
4/16/2021  11:35:40.452183,4.974478E+0,3.134470E-3
4/16/2021  11:35:40.452185,4.980923E+0,2.812224E-3
4/16/2021  11:35:40.452187,4.977056E+0,3.134470E-3
4/16/2021  11:35:40.452189,4.980923E+0,2.489978E-3
4/16/2021  11:35:40.452191,4.978022E+0,3.134470E-3
4/16/2021  11:35:40.452193,4.984145E+0,3.456716E-3
4/16/2021  11:35:40.452195,4.984145E+0,3.456716E-3
4/16/2021  11:35:40.452197,4.977378E+0,3.456716E-3
4/16/2021  11:35:40.452199,4.984145E+0,3.134470E-3
4/16/2021  11:35:40.452201,4.978345E+0,2.812224E-3
4/16/2021  11:35:40.452203,4.980923E+0,3.134470E-3
4/16/2021  11:35:40.452205,4.976411E+0,3.456716E-3
4/16/2021  11:35:40.452207,4.976733E+0,2.812224E-3
4/16/2021  11:35:40.452209,4.984468E+0,2.812224E-3
4/16/2021  11:35:40.452211,4.978989E+0,2.812224E-3
4/16/2021  11:35:40.452213,4.982856E+0,3.134470E-3
4/16/2021  11:35:40.452215,4.978022E+0,3.456716E-3
4/16/2021  11:35:40.452217,4.981567E+0,2.812224E-3
4/16/2021  11:35:40.452219,4.979956E+0,2.812224E-3
4/16/2021  11:35:40.452221,4.977700E+0,2.812224E-3
4/16/2021  11:35:40.452223,4.983179E+0,2.812224E-3
4/16/2021  11:35:40.452225,4.976733E+0,3.134470E-3
4/16/2021  11:35:40.452227,4.982212E+0,3.134470E-3
4/16/2021  11:35:40.452229,4.978989E+0,3.456716E-3
4/16/2021  11:35:40.452231,4.978022E+0,3.134470E-3
4/16/2021  11:35:40.452233,4.980923E+0,3.456716E-3
4/16/2021  11:35:40.452235,4.976733E+0,3.456716E-3
4/16/2021  11:35:40.452237,4.982534E+0,2.812224E-3
4/16/2021  11:35:40.452239,4.978345E+0,3.134470E-3
4/16/2021  11:35:40.452241,4.980600E+0,2.812224E-3
4/16/2021  11:35:40.452243,4.980600E+0,3.456716E-3
4/16/2021  11:35:40.452245,4.977056E+0,2.812224E-3
4/16/2021  11:35:40.452247,4.981567E+0,3.134470E-3
4/16/2021  11:35:40.452249,4.977700E+0,3.456716E-3
4/16/2021  11:35:40.452251,4.981889E+0,3.134470E-3
4/16/2021  11:35:40.452253,4.978022E+0,3.134470E-3
4/16/2021  11:35:40.452255,4.979634E+0,3.456716E-3
4/16/2021  11:35:40.452257,4.978989E+0,3.456716E-3
4/16/2021  11:35:40.452259,4.976733E+0,3.456716E-3
4/16/2021  11:35:40.452261,4.978989E+0,3.456716E-3
4/16/2021  11:35:40.452263,4.979634E+0,2.812224E-3
4/16/2021  11:35:40.452265,4.978667E+0,3.456716E-3
4/16/2021  11:35:40.452267,4.978989E+0,3.134470E-3
4/16/2021  11:35:40.452269,4.979311E+0,3.134470E-3
4/16/2021  11:35:40.452271,4.979956E+0,2.812224E-3
4/16/2021  11:35:40.452273,4.977378E+0,3.134470E-3
4/16/2021  11:35:40.452275,4.984145E+0,2.812224E-3
4/16/2021  11:35:40.452277,4.977378E+0,2.812224E-3
4/16/2021  11:35:40.452279,4.980278E+0,3.456716E-3
4/16/2021  11:35:40.452281,4.981245E+0,3.134470E-3
4/16/2021  11:35:40.452283,4.976411E+0,3.134470E-3
4/16/2021  11:35:40.452285,4.982212E+0,3.456716E-3
4/16/2021  11:35:40.452287,4.977378E+0,2.812224E-3
4/16/2021  11:35:40.452289,4.983823E+0,2.489978E-3
4/16/2021  11:35:40.452291,4.975122E+0,3.456716E-3
4/16/2021  11:35:40.452293,4.978667E+0,3.134470E-3
4/16/2021  11:35:40.452295,4.980923E+0,3.134470E-3
4/16/2021  11:35:40.452297,4.977056E+0,2.812224E-3
4/16/2021  11:35:40.452299,4.982856E+0,3.456716E-3
4/16/2021  11:35:40.452301,4.975767E+0,3.134470E-3
4/16/2021  11:35:40.452303,4.983823E+0,2.489978E-3
4/16/2021  11:35:40.452305,4.976089E+0,2.812224E-3
4/16/2021  11:35:40.452307,4.978667E+0,3.456716E-3
4/16/2021  11:35:40.452309,4.982212E+0,3.134470E-3
4/16/2021  11:35:40.452311,4.975767E+0,3.134470E-3
4/16/2021  11:35:40.452313,4.982534E+0,3.456716E-3
4/16/2021  11:35:40.452315,4.977378E+0,3.134470E-3
4/16/2021  11:35:40.452317,4.983179E+0,3.456716E-3
4/16/2021  11:35:40.452319,4.975444E+0,3.134470E-3
4/16/2021  11:35:40.452321,4.979311E+0,2.812224E-3
4/16/2021  11:35:40.452323,4.983179E+0,3.134470E-3
4/16/2021  11:35:40.452325,4.976733E+0,2.812224E-3
4/16/2021  11:35:40.452327,4.981889E+0,3.134470E-3
4/16/2021  11:35:40.452329,4.975767E+0,3.134470E-3
4/16/2021  11:35:40.452331,4.982212E+0,3.456716E-3
4/16/2021  11:35:40.452333,4.975444E+0,3.134470E-3
4/16/2021  11:35:40.452335,4.977378E+0,3.456716E-3
4/16/2021  11:35:40.452337,4.982856E+0,3.456716E-3
4/16/2021  11:35:40.452339,4.974800E+0,3.134470E-3
4/16/2021  11:35:40.452341,4.983179E+0,2.812224E-3
4/16/2021  11:35:40.452343,4.977056E+0,2.812224E-3
4/16/2021  11:35:40.452345,4.984468E+0,3.134470E-3
4/16/2021  11:35:40.452347,4.977700E+0,3.456716E-3
4/16/2021  11:35:40.452349,4.979634E+0,3.134470E-3
4/16/2021  11:35:40.452351,4.985112E+0,3.134470E-3
4/16/2021  11:35:40.452353,4.975122E+0,3.456716E-3
4/16/2021  11:35:40.452355,4.980600E+0,3.456716E-3
4/16/2021  11:35:40.452357,4.978345E+0,3.456716E-3
4/16/2021  11:35:40.452359,4.981567E+0,3.456716E-3
4/16/2021  11:35:40.452361,4.978022E+0,3.134470E-3
4/16/2021  11:35:40.452363,4.978345E+0,3.134470E-3
4/16/2021  11:35:40.452365,4.984145E+0,3.134470E-3
4/16/2021  11:35:40.452367,4.976411E+0,3.456716E-3
4/16/2021  11:35:40.452369,4.982212E+0,2.812224E-3
4/16/2021  11:35:40.452371,4.975767E+0,3.134470E-3
4/16/2021  11:35:40.452373,4.979634E+0,2.812224E-3
4/16/2021  11:35:40.452375,4.978345E+0,3.456716E-3
4/16/2021  11:35:40.452377,4.977700E+0,2.489978E-3
4/16/2021  11:35:40.452379,4.984790E+0,2.812224E-3
4/16/2021  11:35:40.452381,4.976733E+0,3.134470E-3
4/16/2021  11:35:40.452383,4.981567E+0,2.812224E-3
4/16/2021  11:35:40.452385,4.978667E+0,3.134470E-3
4/16/2021  11:35:40.452387,4.977700E+0,3.134470E-3
4/16/2021  11:35:40.452389,4.980278E+0,3.134470E-3
4/16/2021  11:35:40.452391,4.977056E+0,3.134470E-3
4/16/2021  11:35:40.452393,4.984468E+0,3.456716E-3
4/16/2021  11:35:40.452395,4.979956E+0,3.456716E-3
4/16/2021  11:35:40.452397,4.981889E+0,2.812224E-3
4/16/2021  11:35:40.452399,4.977700E+0,3.134470E-3
4/16/2021  11:35:40.452401,4.979956E+0,3.456716E-3
4/16/2021  11:35:40.452403,4.980600E+0,2.812224E-3
4/16/2021  11:35:40.452405,4.976733E+0,3.456716E-3
4/16/2021  11:35:40.452407,4.984145E+0,3.134470E-3
4/16/2021  11:35:40.452409,4.978345E+0,2.812224E-3
4/16/2021  11:35:40.452411,4.980278E+0,3.134470E-3
4/16/2021  11:35:40.452413,4.977056E+0,3.134470E-3
4/16/2021  11:35:40.452415,4.979634E+0,2.812224E-3
4/16/2021  11:35:40.452417,4.982856E+0,3.134470E-3
4/16/2021  11:35:40.452419,4.978667E+0,3.456716E-3
4/16/2021  11:35:40.452421,4.980923E+0,2.489978E-3
4/16/2021  11:35:40.452423,4.978989E+0,2.812224E-3
4/16/2021  11:35:40.452425,4.978022E+0,3.778961E-3
4/16/2021  11:35:40.452427,4.979956E+0,3.778961E-3
4/16/2021  11:35:40.452429,4.978022E+0,3.134470E-3
4/16/2021  11:35:40.452431,4.982212E+0,3.134470E-3
4/16/2021  11:35:40.452433,4.978667E+0,3.134470E-3
4/16/2021  11:35:40.452435,4.980923E+0,2.812224E-3
4/16/2021  11:35:40.452437,4.978667E+0,2.812224E-3
4/16/2021  11:35:40.452439,4.976411E+0,3.456716E-3
4/16/2021  11:35:40.452441,4.979634E+0,3.134470E-3
4/16/2021  11:35:40.452443,4.969966E+0,3.134470E-3
