waveform,V_S,V_C,V_R
t0,5/7/2021  09:47:50.887937,5/7/2021  09:47:50.887938,5/7/2021  09:47:50.887939
delta t,2.500000E-6,2.500000E-6,2.500000E-6

time,V_S,V_C,V_R
5/7/2021  09:47:50.887937,4.242638E+0,1.505756E-2,4.051497E-2
5/7/2021  09:47:50.887940,4.882635E+0,2.158167E-1,9.465226E-2
5/7/2021  09:47:50.887942,4.828496E+0,5.938113E-1,1.423446E-1
5/7/2021  09:47:50.887945,4.780158E+0,1.117462E+0,1.829476E-1
5/7/2021  09:47:50.887947,4.742132E+0,1.757122E+0,2.145277E-1
5/7/2021  09:47:50.887950,4.712806E+0,2.479603E+0,2.377294E-1
5/7/2021  09:47:50.887952,4.691538E+0,3.252358E+0,2.502970E-1
5/7/2021  09:47:50.887955,4.681870E+0,4.042841E+0,2.538417E-1
5/7/2021  09:47:50.887957,4.683481E+0,4.828496E+0,2.486858E-1
5/7/2021  09:47:50.887960,4.693149E+0,5.587410E+0,2.345069E-1
5/7/2021  09:47:50.887962,4.713773E+0,6.289290E+0,2.125942E-1
5/7/2021  09:47:50.887965,4.744387E+0,6.911577E+0,1.842366E-1
5/7/2021  09:47:50.887967,4.778224E+0,7.440090E+0,1.510453E-1
5/7/2021  09:47:50.887970,4.819795E+0,7.858069E+0,1.136648E-1
5/7/2021  09:47:50.887972,4.863944E+0,8.159390E+0,7.306179E-2
5/7/2021  09:47:50.887975,4.910993E+0,8.335026E+0,3.149209E-2
5/7/2021  09:47:50.887977,4.958043E+0,8.382400E+0,-8.466375E-3
5/7/2021  09:47:50.887980,5.002192E+0,8.298610E+0,-4.713586E-2
5/7/2021  09:47:50.887982,5.047307E+0,8.087846E+0,-8.258288E-2
5/7/2021  09:47:50.887985,5.083722E+0,7.764934E+0,-1.125517E-1
5/7/2021  09:47:50.887987,5.118204E+0,7.350822E+0,-1.376869E-1
5/7/2021  09:47:50.887990,5.140762E+0,6.865815E+0,-1.550881E-1
5/7/2021  09:47:50.887992,5.160419E+0,6.331506E+0,-1.666890E-1
5/7/2021  09:47:50.887995,5.170409E+0,5.770774E+0,-1.718449E-1
5/7/2021  09:47:50.887997,5.175243E+0,5.204568E+0,-1.695892E-1
5/7/2021  09:47:50.888000,5.167831E+0,4.650611E+0,-1.608886E-1
5/7/2021  09:47:50.888002,5.157197E+0,4.135650E+0,-1.473543E-1
5/7/2021  09:47:50.888005,5.139473E+0,3.676763E+0,-1.276973E-1
5/7/2021  09:47:50.888007,5.115948E+0,3.286839E+0,-1.051401E-1
5/7/2021  09:47:50.888010,5.087912E+0,2.975867E+0,-7.903818E-2
5/7/2021  09:47:50.888012,5.057620E+0,2.751259E+0,-5.035831E-2
5/7/2021  09:47:50.888015,5.026683E+0,2.618815E+0,-2.200069E-2
5/7/2021  09:47:50.888017,4.991557E+0,2.579822E+0,6.356927E-3
5/7/2021  09:47:50.888020,4.960298E+0,2.634927E+0,3.374781E-2
5/7/2021  09:47:50.888022,4.932907E+0,2.780584E+0,5.823849E-2
5/7/2021  09:47:50.888025,4.906804E+0,3.005514E+0,7.950671E-2
5/7/2021  09:47:50.888027,4.881346E+0,3.297795E+0,9.723023E-2
5/7/2021  09:47:50.888030,4.863300E+0,3.640671E+0,1.101201E-1
5/7/2021  09:47:50.888032,4.851054E+0,4.018994E+0,1.175317E-1
5/7/2021  09:47:50.888035,4.845253E+0,4.417622E+0,1.207542E-1
5/7/2021  09:47:50.888037,4.845575E+0,4.820440E+0,1.191429E-1
5/7/2021  09:47:50.888040,4.848154E+0,5.213914E+0,1.136648E-1
5/7/2021  09:47:50.888042,4.854921E+0,5.580964E+0,1.033529E-1
5/7/2021  09:47:50.888045,4.868456E+0,5.906445E+0,8.981857E-2
5/7/2021  09:47:50.888047,4.885535E+0,6.181010E+0,7.338404E-2
5/7/2021  09:47:50.888050,4.906482E+0,6.397891E+0,5.404929E-2
5/7/2021  09:47:50.888052,4.928717E+0,6.551932E+0,3.407006E-2
5/7/2021  09:47:50.888055,4.951275E+0,6.639265E+0,1.376858E-2
5/7/2021  09:47:50.888057,4.974800E+0,6.658601E+0,-6.210656E-3
5/7/2021  09:47:50.888060,4.997035E+0,6.611228E+0,-2.554540E-2
5/7/2021  09:47:50.888062,5.017338E+0,6.500370E+0,-4.294666E-2
5/7/2021  09:47:50.888065,5.035062E+0,6.333117E+0,-5.680323E-2
5/7/2021  09:47:50.888067,5.050208E+0,6.119781E+0,-6.937081E-2
5/7/2021  09:47:50.888070,5.064065E+0,5.871319E+0,-7.774920E-2
5/7/2021  09:47:50.888072,5.073410E+0,5.599011E+0,-8.290513E-2
5/7/2021  09:47:50.888075,5.076955E+0,5.313813E+0,-8.483860E-2
5/7/2021  09:47:50.888077,5.076955E+0,5.026683E+0,-8.258288E-2
5/7/2021  09:47:50.888080,5.073732E+0,4.748255E+0,-7.774920E-2
5/7/2021  09:47:50.888082,5.066320E+0,4.491418E+0,-6.969305E-2
5/7/2021  09:47:50.888085,5.058264E+0,4.265518E+0,-6.002568E-2
5/7/2021  09:47:50.888087,5.045052E+0,4.077322E+0,-4.810260E-2
5/7/2021  09:47:50.888090,5.030872E+0,3.932309E+0,-3.456828E-2
5/7/2021  09:47:50.888092,5.015082E+0,3.833055E+0,-1.974497E-2
5/7/2021  09:47:50.888095,4.998647E+0,3.781495E+0,-5.888410E-3
5/7/2021  09:47:50.888097,4.982534E+0,3.779239E+0,8.934893E-3
5/7/2021  09:47:50.888100,4.966421E+0,3.824676E+0,2.150248E-2
5/7/2021  09:47:50.888102,4.952242E+0,3.914262E+0,3.374781E-2
5/7/2021  09:47:50.888105,4.940319E+0,4.042197E+0,4.405968E-2
5/7/2021  09:47:50.888107,4.926139E+0,4.201712E+0,5.147133E-2
5/7/2021  09:47:50.888110,4.919372E+0,4.383785E+0,5.727175E-2
5/7/2021  09:47:50.888112,4.916794E+0,4.582616E+0,6.049421E-2
5/7/2021  09:47:50.888115,4.914860E+0,4.787892E+0,6.017196E-2
5/7/2021  09:47:50.888117,4.913571E+0,4.992524E+0,5.888298E-2
5/7/2021  09:47:50.888120,4.917438E+0,5.188133E+0,5.501603E-2
5/7/2021  09:47:50.888122,4.924206E+0,5.367308E+0,4.857112E-2
5/7/2021  09:47:50.888125,4.931618E+0,5.522314E+0,4.051497E-2
5/7/2021  09:47:50.888127,4.939352E+0,5.648316E+0,3.213658E-2
5/7/2021  09:47:50.888130,4.952242E+0,5.742093E+0,2.214697E-2
5/7/2021  09:47:50.888132,4.962554E+0,5.802356E+0,1.215735E-2
5/7/2021  09:47:50.888135,4.975122E+0,5.827814E+0,1.200996E-3
5/7/2021  09:47:50.888137,4.984790E+0,5.817824E+0,-8.788621E-3
5/7/2021  09:47:50.888140,4.996069E+0,5.773997E+0,-1.813375E-2
5/7/2021  09:47:50.888142,5.004770E+0,5.699555E+0,-2.554540E-2
5/7/2021  09:47:50.888145,5.015082E+0,5.598689E+0,-3.231256E-2
5/7/2021  09:47:50.888147,5.023138E+0,5.477842E+0,-3.746849E-2
5/7/2021  09:47:50.888150,5.026361E+0,5.341527E+0,-4.101319E-2
5/7/2021  09:47:50.888152,5.030872E+0,5.197156E+0,-4.230217E-2
5/7/2021  09:47:50.888155,5.030228E+0,5.048596E+0,-4.230217E-2
5/7/2021  09:47:50.888157,5.031839E+0,4.902615E+0,-4.004645E-2
5/7/2021  09:47:50.888160,5.026361E+0,4.766945E+0,-3.650175E-2
5/7/2021  09:47:50.888162,5.020882E+0,4.644489E+0,-3.166807E-2
5/7/2021  09:47:50.888165,5.017338E+0,4.541367E+0,-2.522315E-2
5/7/2021  09:47:50.888167,5.011215E+0,4.460159E+0,-1.910048E-2
5/7/2021  09:47:50.888170,5.001869E+0,4.402153E+0,-1.168883E-2
5/7/2021  09:47:50.888172,4.993168E+0,4.370250E+0,-3.954936E-3
5/7/2021  09:47:50.888175,4.985757E+0,4.362839E+0,3.456716E-3
5/7/2021  09:47:50.888177,4.977378E+0,4.380562E+0,9.257138E-3
5/7/2021  09:47:50.888180,4.968999E+0,4.421811E+0,1.602430E-2
5/7/2021  09:47:50.888182,4.962232E+0,4.483684E+0,2.182472E-2
5/7/2021  09:47:50.888185,4.956109E+0,4.563280E+0,2.569167E-2
5/7/2021  09:47:50.888187,4.952886E+0,4.655445E+0,2.859188E-2
5/7/2021  09:47:50.888190,4.947408E+0,4.757278E+0,3.052536E-2
5/7/2021  09:47:50.888192,4.949986E+0,4.862977E+0,3.149209E-2
5/7/2021  09:47:50.888195,4.949342E+0,4.968677E+0,3.052536E-2
5/7/2021  09:47:50.888197,4.950953E+0,5.070510E+0,2.891413E-2
5/7/2021  09:47:50.888200,4.953531E+0,5.164609E+0,2.536942E-2
5/7/2021  09:47:50.888202,4.957398E+0,5.246139E+0,2.118023E-2
5/7/2021  09:47:50.888205,4.961265E+0,5.313813E+0,1.666879E-2
5/7/2021  09:47:50.888207,4.967066E+0,5.364085E+0,1.183510E-2
5/7/2021  09:47:50.888210,4.972222E+0,5.397278E+0,6.034681E-3
5/7/2021  09:47:50.888212,4.978022E+0,5.412102E+0,1.523241E-3
5/7/2021  09:47:50.888215,4.983501E+0,5.407912E+0,-3.954936E-3
5/7/2021  09:47:50.888217,4.991235E+0,5.386643E+0,-9.433113E-3
5/7/2021  09:47:50.888220,4.994457E+0,5.349262E+0,-1.265557E-2
5/7/2021  09:47:50.888222,4.998325E+0,5.298345E+0,-1.652252E-2
5/7/2021  09:47:50.888225,5.002514E+0,5.235827E+0,-1.877824E-2
5/7/2021  09:47:50.888227,5.006381E+0,5.164931E+0,-2.006722E-2
5/7/2021  09:47:50.888230,5.007348E+0,5.089845E+0,-2.103396E-2
5/7/2021  09:47:50.888232,5.007025E+0,5.012826E+0,-2.103396E-2
5/7/2021  09:47:50.888235,5.006703E+0,4.937096E+0,-2.038947E-2
5/7/2021  09:47:50.888237,5.006703E+0,4.866522E+0,-1.845599E-2
5/7/2021  09:47:50.888240,5.004125E+0,4.803360E+0,-1.620027E-2
5/7/2021  09:47:50.888242,5.001547E+0,4.749544E+0,-1.233332E-2
5/7/2021  09:47:50.888245,4.996391E+0,4.707006E+0,-9.110867E-3
5/7/2021  09:47:50.888247,4.993491E+0,4.678003E+0,-5.243918E-3
5/7/2021  09:47:50.888250,4.988335E+0,4.661890E+0,-2.021461E-3
5/7/2021  09:47:50.888252,4.983179E+0,4.658990E+0,2.167733E-3
5/7/2021  09:47:50.888255,4.981245E+0,4.668658E+0,5.712436E-3
5/7/2021  09:47:50.888257,4.975444E+0,4.690571E+0,8.934893E-3
5/7/2021  09:47:50.888260,4.971900E+0,4.724085E+0,1.119061E-2
5/7/2021  09:47:50.888262,4.969966E+0,4.765656E+0,1.344633E-2
5/7/2021  09:47:50.888265,4.965454E+0,4.814639E+0,1.537981E-2
5/7/2021  09:47:50.888267,4.967066E+0,4.867489E+0,1.602430E-2
5/7/2021  09:47:50.888270,4.966743E+0,4.922594E+0,1.602430E-2
5/7/2021  09:47:50.888272,4.964488E+0,4.978345E+0,1.537981E-2
5/7/2021  09:47:50.888275,4.965777E+0,5.030872E+0,1.473532E-2
5/7/2021  09:47:50.888277,4.968355E+0,5.078888E+0,1.280184E-2
5/7/2021  09:47:50.888280,4.969966E+0,5.121104E+0,1.054612E-2
5/7/2021  09:47:50.888282,4.971900E+0,5.154941E+0,8.612647E-3
5/7/2021  09:47:50.888285,4.974800E+0,5.179432E+0,6.356927E-3
5/7/2021  09:47:50.888287,4.978345E+0,5.195867E+0,3.134470E-3
5/7/2021  09:47:50.888290,4.982212E+0,5.201346E+0,2.342585E-4
5/7/2021  09:47:50.888292,4.984145E+0,5.198123E+0,-2.021461E-3
5/7/2021  09:47:50.888295,4.987368E+0,5.184911E+0,-4.921673E-3
5/7/2021  09:47:50.888297,4.989624E+0,5.163320E+0,-6.210656E-3
5/7/2021  09:47:50.888300,4.992524E+0,5.135928E+0,-8.144130E-3
5/7/2021  09:47:50.888302,4.996391E+0,5.102735E+0,-9.433113E-3
5/7/2021  09:47:50.888305,4.994780E+0,5.065031E+0,-1.039985E-2
5/7/2021  09:47:50.888307,4.997035E+0,5.025394E+0,-1.104434E-2
5/7/2021  09:47:50.888310,4.995424E+0,4.985434E+0,-1.072210E-2
5/7/2021  09:47:50.888312,4.995102E+0,4.947086E+0,-1.039985E-2
5/7/2021  09:47:50.888315,4.994457E+0,4.910349E+0,-9.433113E-3
5/7/2021  09:47:50.888317,4.993491E+0,4.878446E+0,-7.499638E-3
5/7/2021  09:47:50.888320,4.992524E+0,4.852343E+0,-5.888410E-3
5/7/2021  09:47:50.888322,4.990590E+0,4.832041E+0,-3.954936E-3
5/7/2021  09:47:50.888325,4.988979E+0,4.818184E+0,-1.699216E-3
5/7/2021  09:47:50.888327,4.987046E+0,4.811416E+0,-7.324786E-4
5/7/2021  09:47:50.888330,4.983823E+0,4.811739E+0,1.845487E-3
5/7/2021  09:47:50.888332,4.982212E+0,4.818828E+0,3.456716E-3
5/7/2021  09:47:50.888335,4.979956E+0,4.831719E+0,5.390190E-3
5/7/2021  09:47:50.888337,4.978345E+0,4.850409E+0,6.034681E-3
5/7/2021  09:47:50.888340,4.976089E+0,4.873612E+0,7.323664E-3
5/7/2021  09:47:50.888342,4.974478E+0,4.900037E+0,8.290401E-3
5/7/2021  09:47:50.888345,4.976733E+0,4.928717E+0,8.290401E-3
5/7/2021  09:47:50.888347,4.975767E+0,4.957398E+0,8.612647E-3
5/7/2021  09:47:50.888350,4.975444E+0,4.986079E+0,8.290401E-3
5/7/2021  09:47:50.888352,4.976089E+0,5.012826E+0,7.968156E-3
5/7/2021  09:47:50.888355,4.974478E+0,5.036673E+0,6.356927E-3
5/7/2021  09:47:50.888357,4.978022E+0,5.057620E+0,5.067944E-3
5/7/2021  09:47:50.888360,4.978022E+0,5.074055E+0,4.423453E-3
5/7/2021  09:47:50.888362,4.981567E+0,5.085656E+0,2.812224E-3
5/7/2021  09:47:50.888365,4.984145E+0,5.092101E+0,1.200996E-3
5/7/2021  09:47:50.888367,4.984145E+0,5.093068E+0,2.342585E-4
5/7/2021  09:47:50.888370,4.985434E+0,5.089845E+0,-1.376970E-3
5/7/2021  09:47:50.888372,4.988335E+0,5.081466E+0,-2.343707E-3
5/7/2021  09:47:50.888375,4.987046E+0,5.069221E+0,-3.632690E-3
5/7/2021  09:47:50.888377,4.989624E+0,5.053108E+0,-4.277181E-3
5/7/2021  09:47:50.888380,4.989301E+0,5.034739E+0,-4.921673E-3
5/7/2021  09:47:50.888382,4.989624E+0,5.014437E+0,-5.243918E-3
5/7/2021  09:47:50.888385,4.989301E+0,4.993491E+0,-4.921673E-3
5/7/2021  09:47:50.888387,4.991879E+0,4.972544E+0,-5.566164E-3
5/7/2021  09:47:50.888390,4.989301E+0,4.952242E+0,-4.921673E-3
5/7/2021  09:47:50.888392,4.990268E+0,4.934196E+0,-4.277181E-3
5/7/2021  09:47:50.888395,4.988012E+0,4.918083E+0,-3.632690E-3
5/7/2021  09:47:50.888397,4.986723E+0,4.905837E+0,-2.343707E-3
5/7/2021  09:47:50.888400,4.988012E+0,4.897136E+0,-1.376970E-3
5/7/2021  09:47:50.888402,4.986401E+0,4.890691E+0,-8.798718E-5
5/7/2021  09:47:50.888405,4.986723E+0,4.888435E+0,5.565042E-4
5/7/2021  09:47:50.888407,4.986079E+0,4.890691E+0,1.200996E-3
5/7/2021  09:47:50.888410,4.983501E+0,4.895847E+0,3.134470E-3
5/7/2021  09:47:50.888412,4.982212E+0,4.904226E+0,3.456716E-3
5/7/2021  09:47:50.888415,4.979956E+0,4.915183E+0,4.101207E-3
5/7/2021  09:47:50.888417,4.978345E+0,4.928073E+0,4.101207E-3
5/7/2021  09:47:50.888420,4.980278E+0,4.942574E+0,4.423453E-3
5/7/2021  09:47:50.888422,4.979311E+0,4.957720E+0,4.745698E-3
5/7/2021  09:47:50.888425,4.979634E+0,4.972866E+0,4.423453E-3
5/7/2021  09:47:50.888427,4.980600E+0,4.987690E+0,4.423453E-3
5/7/2021  09:47:50.888430,4.979956E+0,5.001225E+0,3.456716E-3
5/7/2021  09:47:50.888432,4.981889E+0,5.013793E+0,3.456716E-3
5/7/2021  09:47:50.888435,4.982212E+0,5.023460E+0,2.489978E-3
5/7/2021  09:47:50.888437,4.983179E+0,5.030228E+0,2.167733E-3
5/7/2021  09:47:50.888440,4.982856E+0,5.035384E+0,1.523241E-3
5/7/2021  09:47:50.888442,4.983501E+0,5.037317E+0,2.342585E-4
5/7/2021  09:47:50.888445,4.984790E+0,5.036351E+0,-8.798718E-5
5/7/2021  09:47:50.888447,4.984468E+0,5.033773E+0,-4.102329E-4
5/7/2021  09:47:50.888450,4.986401E+0,5.028294E+0,-1.376970E-3
5/7/2021  09:47:50.888452,4.986079E+0,5.020882E+0,-2.021461E-3
5/7/2021  09:47:50.888455,4.987690E+0,5.011215E+0,-2.021461E-3
5/7/2021  09:47:50.888457,4.988657E+0,5.000903E+0,-2.665953E-3
5/7/2021  09:47:50.888460,4.987368E+0,4.990590E+0,-2.665953E-3
5/7/2021  09:47:50.888462,4.987690E+0,4.978667E+0,-2.343707E-3
5/7/2021  09:47:50.888465,4.989946E+0,4.967710E+0,-2.343707E-3
5/7/2021  09:47:50.888467,4.988657E+0,4.958365E+0,-2.665953E-3
5/7/2021  09:47:50.888470,4.986723E+0,4.949019E+0,-1.699216E-3
5/7/2021  09:47:50.888472,4.986723E+0,4.941608E+0,-1.054724E-3
5/7/2021  09:47:50.888475,4.984145E+0,4.935485E+0,-1.054724E-3
5/7/2021  09:47:50.888477,4.987368E+0,4.931940E+0,-8.798718E-5
5/7/2021  09:47:50.888480,4.984790E+0,4.930006E+0,-8.798718E-5
5/7/2021  09:47:50.888482,4.984468E+0,4.929684E+0,8.787499E-4
5/7/2021  09:47:50.888485,4.984145E+0,4.932262E+0,1.200996E-3
5/7/2021  09:47:50.888487,4.986401E+0,4.936129E+0,2.167733E-3
5/7/2021  09:47:50.888490,4.984145E+0,4.940963E+0,1.845487E-3
5/7/2021  09:47:50.888492,4.982212E+0,4.947730E+0,2.489978E-3
5/7/2021  09:47:50.888495,4.983823E+0,4.954820E+0,2.489978E-3
5/7/2021  09:47:50.888497,4.982212E+0,4.963199E+0,2.812224E-3
5/7/2021  09:47:50.888500,4.984145E+0,4.971577E+0,2.812224E-3
5/7/2021  09:47:50.888502,4.982534E+0,4.978989E+0,3.134470E-3
5/7/2021  09:47:50.888505,4.983501E+0,4.987046E+0,2.489978E-3
5/7/2021  09:47:50.888507,4.982212E+0,4.993491E+0,2.489978E-3
5/7/2021  09:47:50.888510,4.983823E+0,4.999291E+0,1.845487E-3
5/7/2021  09:47:50.888512,4.981889E+0,5.004447E+0,1.845487E-3
5/7/2021  09:47:50.888515,4.984468E+0,5.007025E+0,5.565042E-4
5/7/2021  09:47:50.888517,4.985757E+0,5.008314E+0,1.200996E-3
5/7/2021  09:47:50.888520,4.984790E+0,5.009926E+0,5.565042E-4
5/7/2021  09:47:50.888522,4.985434E+0,5.007025E+0,-8.798718E-5
5/7/2021  09:47:50.888525,4.987046E+0,5.005414E+0,-4.102329E-4
5/7/2021  09:47:50.888527,4.985434E+0,5.001547E+0,-4.102329E-4
5/7/2021  09:47:50.888530,4.985434E+0,4.996391E+0,-1.054724E-3
5/7/2021  09:47:50.888532,4.987046E+0,4.991557E+0,-7.324786E-4
5/7/2021  09:47:50.888535,4.987368E+0,4.985757E+0,-1.054724E-3
5/7/2021  09:47:50.888537,4.985434E+0,4.979634E+0,-1.054724E-3
5/7/2021  09:47:50.888540,4.986723E+0,4.973833E+0,-7.324786E-4
5/7/2021  09:47:50.888542,4.985112E+0,4.968355E+0,-1.376970E-3
5/7/2021  09:47:50.888545,4.985434E+0,4.962232E+0,-4.102329E-4
5/7/2021  09:47:50.888547,4.987368E+0,4.958365E+0,-7.324786E-4
5/7/2021  09:47:50.888550,4.986079E+0,4.955142E+0,-8.798718E-5
5/7/2021  09:47:50.888552,4.984790E+0,4.952886E+0,2.342585E-4
5/7/2021  09:47:50.888555,4.987046E+0,4.950953E+0,2.342585E-4
5/7/2021  09:47:50.888557,4.985757E+0,4.949986E+0,8.787499E-4
5/7/2021  09:47:50.888560,4.984145E+0,4.950631E+0,5.565042E-4
5/7/2021  09:47:50.888562,4.981245E+0,4.952564E+0,1.200996E-3
5/7/2021  09:47:50.888565,4.985112E+0,4.954820E+0,1.200996E-3
5/7/2021  09:47:50.888567,4.983179E+0,4.958687E+0,1.200996E-3
5/7/2021  09:47:50.888570,4.980923E+0,4.961910E+0,1.200996E-3
5/7/2021  09:47:50.888572,4.982856E+0,4.966099E+0,1.523241E-3
5/7/2021  09:47:50.888575,4.982534E+0,4.970288E+0,1.845487E-3
5/7/2021  09:47:50.888577,4.982856E+0,4.975444E+0,1.523241E-3
5/7/2021  09:47:50.888580,4.983823E+0,4.979311E+0,1.845487E-3
5/7/2021  09:47:50.888582,4.984468E+0,4.983823E+0,8.787499E-4
5/7/2021  09:47:50.888585,4.982856E+0,4.986401E+0,1.523241E-3
5/7/2021  09:47:50.888587,4.983179E+0,4.989624E+0,1.200996E-3
5/7/2021  09:47:50.888590,4.983501E+0,4.991557E+0,1.200996E-3
5/7/2021  09:47:50.888592,4.983823E+0,4.992846E+0,1.200996E-3
5/7/2021  09:47:50.888595,4.983823E+0,4.992846E+0,-8.798718E-5
5/7/2021  09:47:50.888597,4.985434E+0,4.992202E+0,5.565042E-4
5/7/2021  09:47:50.888600,4.983179E+0,4.991879E+0,2.342585E-4
5/7/2021  09:47:50.888602,4.984790E+0,4.989946E+0,-8.798718E-5
5/7/2021  09:47:50.888605,4.985434E+0,4.987690E+0,-8.798718E-5
5/7/2021  09:47:50.888607,4.985112E+0,4.985112E+0,-8.798718E-5
5/7/2021  09:47:50.888610,4.986401E+0,4.982212E+0,-8.798718E-5
5/7/2021  09:47:50.888612,4.985757E+0,4.978667E+0,-4.102329E-4
5/7/2021  09:47:50.888615,4.985112E+0,4.975444E+0,-8.798718E-5
5/7/2021  09:47:50.888617,4.986723E+0,4.972866E+0,-7.324786E-4
5/7/2021  09:47:50.888620,4.985757E+0,4.969966E+0,-8.798718E-5
5/7/2021  09:47:50.888622,4.985112E+0,4.967710E+0,-8.798718E-5
5/7/2021  09:47:50.888625,4.984790E+0,4.965132E+0,-8.798718E-5
5/7/2021  09:47:50.888627,4.984790E+0,4.963843E+0,-4.102329E-4
5/7/2021  09:47:50.888630,4.984468E+0,4.962554E+0,2.342585E-4
5/7/2021  09:47:50.888632,4.983179E+0,4.961910E+0,5.565042E-4
5/7/2021  09:47:50.888635,4.982856E+0,4.962554E+0,5.565042E-4
5/7/2021  09:47:50.888637,4.982534E+0,4.962876E+0,5.565042E-4
5/7/2021  09:47:50.888640,4.984145E+0,4.964810E+0,8.787499E-4
5/7/2021  09:47:50.888642,4.984468E+0,4.966099E+0,8.787499E-4
5/7/2021  09:47:50.888645,4.984145E+0,4.967388E+0,1.200996E-3
5/7/2021  09:47:50.888647,4.982856E+0,4.969644E+0,8.787499E-4
5/7/2021  09:47:50.888650,4.985434E+0,4.972222E+0,1.200996E-3
5/7/2021  09:47:50.888652,4.986079E+0,4.974800E+0,1.523241E-3
5/7/2021  09:47:50.888655,4.981889E+0,4.976411E+0,8.787499E-4
5/7/2021  09:47:50.888657,4.984790E+0,4.978989E+0,1.200996E-3
5/7/2021  09:47:50.888660,4.984145E+0,4.980600E+0,1.200996E-3
5/7/2021  09:47:50.888662,4.984145E+0,4.982212E+0,8.787499E-4
5/7/2021  09:47:50.888665,4.985112E+0,4.983823E+0,5.565042E-4
5/7/2021  09:47:50.888667,4.984145E+0,4.984790E+0,5.565042E-4
5/7/2021  09:47:50.888670,4.985434E+0,4.985434E+0,5.565042E-4
5/7/2021  09:47:50.888672,4.984145E+0,4.984468E+0,5.565042E-4
5/7/2021  09:47:50.888675,4.986079E+0,4.984790E+0,2.342585E-4
5/7/2021  09:47:50.888677,4.982856E+0,4.983823E+0,-8.798718E-5
5/7/2021  09:47:50.888680,4.985434E+0,4.983179E+0,2.342585E-4
5/7/2021  09:47:50.888682,4.985434E+0,4.981567E+0,5.565042E-4
5/7/2021  09:47:50.888685,4.984468E+0,4.979956E+0,2.342585E-4
5/7/2021  09:47:50.888687,4.985112E+0,4.978989E+0,2.342585E-4
5/7/2021  09:47:50.888690,4.986723E+0,4.976733E+0,5.565042E-4
5/7/2021  09:47:50.888692,4.986079E+0,4.975767E+0,-8.798718E-5
5/7/2021  09:47:50.888695,4.987690E+0,4.973511E+0,-8.798718E-5
5/7/2021  09:47:50.888697,4.986079E+0,4.973189E+0,8.787499E-4
5/7/2021  09:47:50.888700,4.985757E+0,4.971577E+0,2.342585E-4
5/7/2021  09:47:50.888702,4.983501E+0,4.970611E+0,8.787499E-4
5/7/2021  09:47:50.888705,4.983823E+0,4.969644E+0,5.565042E-4
5/7/2021  09:47:50.888707,4.985757E+0,4.969322E+0,2.342585E-4
5/7/2021  09:47:50.888710,4.985112E+0,4.969322E+0,5.565042E-4
5/7/2021  09:47:50.888712,4.986723E+0,4.969966E+0,5.565042E-4
5/7/2021  09:47:50.888715,4.986401E+0,4.970288E+0,8.787499E-4
5/7/2021  09:47:50.888717,4.983501E+0,4.971255E+0,5.565042E-4
5/7/2021  09:47:50.888720,4.985112E+0,4.972222E+0,8.787499E-4
5/7/2021  09:47:50.888722,4.985757E+0,4.972866E+0,8.787499E-4
5/7/2021  09:47:50.888725,4.984145E+0,4.973833E+0,8.787499E-4
5/7/2021  09:47:50.888727,4.985112E+0,4.975122E+0,5.565042E-4
5/7/2021  09:47:50.888730,4.986079E+0,4.976733E+0,5.565042E-4
5/7/2021  09:47:50.888732,4.985112E+0,4.977378E+0,5.565042E-4
5/7/2021  09:47:50.888735,4.984468E+0,4.978022E+0,8.787499E-4
5/7/2021  09:47:50.888737,4.983501E+0,4.978989E+0,2.342585E-4
5/7/2021  09:47:50.888740,4.987690E+0,4.979956E+0,8.787499E-4
5/7/2021  09:47:50.888742,4.986079E+0,4.979956E+0,5.565042E-4
5/7/2021  09:47:50.888745,4.986079E+0,4.980278E+0,2.342585E-4
5/7/2021  09:47:50.888747,4.986079E+0,4.980923E+0,2.342585E-4
5/7/2021  09:47:50.888750,4.984468E+0,4.980600E+0,5.565042E-4
5/7/2021  09:47:50.888752,4.985434E+0,4.979956E+0,2.342585E-4
5/7/2021  09:47:50.888755,4.984145E+0,4.979311E+0,2.342585E-4
5/7/2021  09:47:50.888757,4.984468E+0,4.978989E+0,2.342585E-4
5/7/2021  09:47:50.888760,4.986723E+0,4.978022E+0,2.342585E-4
5/7/2021  09:47:50.888762,4.983823E+0,4.977378E+0,2.342585E-4
5/7/2021  09:47:50.888765,4.987046E+0,4.976733E+0,5.565042E-4
5/7/2021  09:47:50.888767,4.984145E+0,4.975767E+0,5.565042E-4
5/7/2021  09:47:50.888770,4.985757E+0,4.975122E+0,5.565042E-4
5/7/2021  09:47:50.888772,4.987046E+0,4.974478E+0,2.342585E-4
5/7/2021  09:47:50.888775,4.985434E+0,4.973189E+0,5.565042E-4
5/7/2021  09:47:50.888777,4.984790E+0,4.973511E+0,8.787499E-4
5/7/2021  09:47:50.888780,4.986079E+0,4.973189E+0,2.342585E-4
5/7/2021  09:47:50.888782,4.983823E+0,4.972866E+0,1.200996E-3
5/7/2021  09:47:50.888785,4.985757E+0,4.972866E+0,2.342585E-4
5/7/2021  09:47:50.888787,4.984790E+0,4.972544E+0,5.565042E-4
5/7/2021  09:47:50.888790,4.984468E+0,4.973511E+0,8.787499E-4
5/7/2021  09:47:50.888792,4.986401E+0,4.973511E+0,8.787499E-4
5/7/2021  09:47:50.888795,4.983179E+0,4.974478E+0,2.342585E-4
5/7/2021  09:47:50.888797,4.985757E+0,4.974478E+0,8.787499E-4
5/7/2021  09:47:50.888800,4.984790E+0,4.975122E+0,5.565042E-4
5/7/2021  09:47:50.888802,4.985757E+0,4.975444E+0,5.565042E-4
5/7/2021  09:47:50.888805,4.985434E+0,4.976733E+0,1.200996E-3
5/7/2021  09:47:50.888807,4.984468E+0,4.977378E+0,2.342585E-4
5/7/2021  09:47:50.888810,4.986723E+0,4.976733E+0,8.787499E-4
5/7/2021  09:47:50.888812,4.983501E+0,4.978022E+0,1.200996E-3
5/7/2021  09:47:50.888815,4.985757E+0,4.977700E+0,8.787499E-4
5/7/2021  09:47:50.888817,4.984145E+0,4.978667E+0,5.565042E-4
5/7/2021  09:47:50.888820,4.987046E+0,4.978667E+0,1.200996E-3
5/7/2021  09:47:50.888822,4.984790E+0,4.978345E+0,5.565042E-4
5/7/2021  09:47:50.888825,4.985112E+0,4.978667E+0,5.565042E-4
5/7/2021  09:47:50.888827,4.984468E+0,4.978345E+0,2.342585E-4
5/7/2021  09:47:50.888830,4.986401E+0,4.977378E+0,2.342585E-4
5/7/2021  09:47:50.888832,4.986401E+0,4.977056E+0,2.342585E-4
5/7/2021  09:47:50.888835,4.985112E+0,4.977056E+0,2.342585E-4
5/7/2021  09:47:50.888837,4.986079E+0,4.976089E+0,5.565042E-4
5/7/2021  09:47:50.888840,4.985112E+0,4.976411E+0,5.565042E-4
5/7/2021  09:47:50.888842,4.986401E+0,4.975767E+0,-8.798718E-5
5/7/2021  09:47:50.888845,4.986401E+0,4.975122E+0,2.342585E-4
5/7/2021  09:47:50.888847,4.984790E+0,4.974800E+0,8.787499E-4
5/7/2021  09:47:50.888850,4.985434E+0,4.975122E+0,5.565042E-4
5/7/2021  09:47:50.888852,4.985112E+0,4.975122E+0,8.787499E-4
5/7/2021  09:47:50.888855,4.986723E+0,4.974478E+0,-8.798718E-5
5/7/2021  09:47:50.888857,4.985757E+0,4.974800E+0,5.565042E-4
5/7/2021  09:47:50.888860,4.983823E+0,4.974478E+0,5.565042E-4
5/7/2021  09:47:50.888862,4.985112E+0,4.974800E+0,5.565042E-4
5/7/2021  09:47:50.888865,4.985112E+0,4.975122E+0,5.565042E-4
5/7/2021  09:47:50.888867,4.985434E+0,4.975122E+0,1.200996E-3
5/7/2021  09:47:50.888870,4.985112E+0,4.976089E+0,5.565042E-4
5/7/2021  09:47:50.888872,4.985757E+0,4.976411E+0,8.787499E-4
5/7/2021  09:47:50.888875,4.983823E+0,4.976411E+0,8.787499E-4
5/7/2021  09:47:50.888877,4.986079E+0,4.976411E+0,8.787499E-4
5/7/2021  09:47:50.888880,4.986401E+0,4.977056E+0,1.200996E-3
5/7/2021  09:47:50.888882,4.985757E+0,4.976733E+0,8.787499E-4
5/7/2021  09:47:50.888885,4.985757E+0,4.977056E+0,8.787499E-4
5/7/2021  09:47:50.888887,4.984790E+0,4.977700E+0,8.787499E-4
5/7/2021  09:47:50.888890,4.985757E+0,4.977056E+0,1.200996E-3
5/7/2021  09:47:50.888892,4.985434E+0,4.977700E+0,1.200996E-3
5/7/2021  09:47:50.888895,4.986079E+0,4.978022E+0,8.787499E-4
5/7/2021  09:47:50.888897,4.983501E+0,4.977700E+0,2.342585E-4
5/7/2021  09:47:50.888900,4.984790E+0,4.977700E+0,8.787499E-4
5/7/2021  09:47:50.888902,4.984790E+0,4.977700E+0,8.787499E-4
5/7/2021  09:47:50.888905,4.983823E+0,4.977700E+0,5.565042E-4
5/7/2021  09:47:50.888907,4.987046E+0,4.977378E+0,8.787499E-4
5/7/2021  09:47:50.888910,4.986723E+0,4.977700E+0,5.565042E-4
5/7/2021  09:47:50.888912,4.984790E+0,4.976733E+0,2.342585E-4
5/7/2021  09:47:50.888915,4.985757E+0,4.976733E+0,8.787499E-4
5/7/2021  09:47:50.888917,4.984468E+0,4.976411E+0,2.342585E-4
5/7/2021  09:47:50.888920,4.984468E+0,4.975767E+0,5.565042E-4
5/7/2021  09:47:50.888922,4.985757E+0,4.974478E+0,5.565042E-4
5/7/2021  09:47:50.888925,4.983501E+0,4.975444E+0,2.342585E-4
5/7/2021  09:47:50.888927,4.984790E+0,4.975122E+0,5.565042E-4
5/7/2021  09:47:50.888930,4.987368E+0,4.975122E+0,5.565042E-4
5/7/2021  09:47:50.888932,4.988657E+0,4.975122E+0,5.565042E-4
5/7/2021  09:47:50.888935,4.984790E+0,4.974800E+0,2.342585E-4
5/7/2021  09:47:50.888937,4.984790E+0,4.975444E+0,2.342585E-4
5/7/2021  09:47:50.888940,4.986401E+0,4.975444E+0,2.342585E-4
5/7/2021  09:47:50.888942,4.984790E+0,4.975122E+0,2.342585E-4
5/7/2021  09:47:50.888945,4.987368E+0,4.975444E+0,8.787499E-4
5/7/2021  09:47:50.888947,4.985112E+0,4.975444E+0,8.787499E-4
5/7/2021  09:47:50.888950,4.985757E+0,4.976089E+0,5.565042E-4
5/7/2021  09:47:50.888952,4.985112E+0,4.976411E+0,2.342585E-4
5/7/2021  09:47:50.888955,4.985757E+0,4.976733E+0,8.787499E-4
5/7/2021  09:47:50.888957,4.985757E+0,4.975767E+0,5.565042E-4
5/7/2021  09:47:50.888960,4.984468E+0,4.976411E+0,5.565042E-4
5/7/2021  09:47:50.888962,4.986079E+0,4.976733E+0,2.342585E-4
5/7/2021  09:47:50.888965,4.987368E+0,4.976411E+0,5.565042E-4
5/7/2021  09:47:50.888967,4.986401E+0,4.976733E+0,8.787499E-4
5/7/2021  09:47:50.888970,4.986401E+0,4.977056E+0,2.342585E-4
5/7/2021  09:47:50.888972,4.985757E+0,4.976733E+0,8.787499E-4
5/7/2021  09:47:50.888975,4.986079E+0,4.976733E+0,5.565042E-4
5/7/2021  09:47:50.888977,4.988335E+0,4.976733E+0,8.787499E-4
5/7/2021  09:47:50.888980,4.985434E+0,4.977056E+0,5.565042E-4
5/7/2021  09:47:50.888982,4.986079E+0,4.977056E+0,5.565042E-4
5/7/2021  09:47:50.888985,4.984790E+0,4.976411E+0,5.565042E-4
5/7/2021  09:47:50.888987,4.985434E+0,4.977056E+0,2.342585E-4
5/7/2021  09:47:50.888990,4.987368E+0,4.976733E+0,2.342585E-4
5/7/2021  09:47:50.888992,4.985757E+0,4.977056E+0,2.342585E-4
5/7/2021  09:47:50.888995,4.986401E+0,4.976733E+0,8.787499E-4
5/7/2021  09:47:50.888997,4.985434E+0,4.976089E+0,8.787499E-4
5/7/2021  09:47:50.889000,4.985434E+0,4.976411E+0,8.787499E-4
5/7/2021  09:47:50.889002,4.987368E+0,4.975767E+0,5.565042E-4
5/7/2021  09:47:50.889005,4.986079E+0,4.976411E+0,5.565042E-4
5/7/2021  09:47:50.889007,4.986079E+0,4.976411E+0,2.342585E-4
5/7/2021  09:47:50.889010,4.987046E+0,4.976089E+0,8.787499E-4
5/7/2021  09:47:50.889012,4.984145E+0,4.975444E+0,2.342585E-4
5/7/2021  09:47:50.889015,4.985112E+0,4.976089E+0,5.565042E-4
5/7/2021  09:47:50.889017,4.984790E+0,4.976089E+0,-8.798718E-5
5/7/2021  09:47:50.889020,4.983501E+0,4.976089E+0,5.565042E-4
5/7/2021  09:47:50.889022,4.984145E+0,4.976089E+0,5.565042E-4
5/7/2021  09:47:50.889025,4.985434E+0,4.976411E+0,5.565042E-4
5/7/2021  09:47:50.889027,4.986401E+0,4.976411E+0,5.565042E-4
5/7/2021  09:47:50.889030,4.985434E+0,4.976733E+0,2.342585E-4
5/7/2021  09:47:50.889032,4.987046E+0,4.976089E+0,2.342585E-4
5/7/2021  09:47:50.889035,4.984145E+0,4.976733E+0,5.565042E-4
5/7/2021  09:47:50.889037,4.987046E+0,4.976733E+0,8.787499E-4
5/7/2021  09:47:50.889040,4.985757E+0,4.976411E+0,5.565042E-4
5/7/2021  09:47:50.889042,4.985112E+0,4.975767E+0,5.565042E-4
5/7/2021  09:47:50.889045,4.984468E+0,4.976411E+0,8.787499E-4
5/7/2021  09:47:50.889047,4.987046E+0,4.976411E+0,5.565042E-4
5/7/2021  09:47:50.889050,4.985112E+0,4.976411E+0,5.565042E-4
5/7/2021  09:47:50.889052,4.986079E+0,4.976411E+0,8.787499E-4
5/7/2021  09:47:50.889055,4.985434E+0,4.976411E+0,8.787499E-4
5/7/2021  09:47:50.889057,4.985434E+0,4.976733E+0,8.787499E-4
5/7/2021  09:47:50.889060,4.984468E+0,4.976411E+0,2.342585E-4
5/7/2021  09:47:50.889062,4.987046E+0,4.976089E+0,2.342585E-4
5/7/2021  09:47:50.889065,4.986401E+0,4.976733E+0,2.342585E-4
5/7/2021  09:47:50.889067,4.985434E+0,4.976411E+0,2.342585E-4
5/7/2021  09:47:50.889070,4.987368E+0,4.976411E+0,8.787499E-4
5/7/2021  09:47:50.889072,4.986723E+0,4.976411E+0,8.787499E-4
5/7/2021  09:47:50.889075,4.985757E+0,4.976411E+0,5.565042E-4
5/7/2021  09:47:50.889077,4.986723E+0,4.976733E+0,2.342585E-4
5/7/2021  09:47:50.889080,4.986079E+0,4.976733E+0,5.565042E-4
5/7/2021  09:47:50.889082,4.983501E+0,4.977056E+0,5.565042E-4
5/7/2021  09:47:50.889085,4.987046E+0,4.976733E+0,1.200996E-3
5/7/2021  09:47:50.889087,4.985112E+0,4.977056E+0,5.565042E-4
5/7/2021  09:47:50.889090,4.986401E+0,4.977056E+0,8.787499E-4
5/7/2021  09:47:50.889092,4.984790E+0,4.977056E+0,2.342585E-4
5/7/2021  09:47:50.889095,4.985757E+0,4.977056E+0,-8.798718E-5
5/7/2021  09:47:50.889097,4.986401E+0,4.977056E+0,5.565042E-4
5/7/2021  09:47:50.889100,4.986401E+0,4.977378E+0,5.565042E-4
5/7/2021  09:47:50.889102,4.988335E+0,4.977378E+0,8.787499E-4
5/7/2021  09:47:50.889105,4.986723E+0,4.977056E+0,5.565042E-4
5/7/2021  09:47:50.889107,4.987368E+0,4.976733E+0,2.342585E-4
5/7/2021  09:47:50.889110,4.984790E+0,4.977056E+0,5.565042E-4
5/7/2021  09:47:50.889112,4.986723E+0,4.977056E+0,2.342585E-4
5/7/2021  09:47:50.889115,4.988012E+0,4.977056E+0,5.565042E-4
5/7/2021  09:47:50.889117,4.985112E+0,4.976733E+0,5.565042E-4
5/7/2021  09:47:50.889120,4.986079E+0,4.976411E+0,2.342585E-4
5/7/2021  09:47:50.889122,4.986401E+0,4.977378E+0,2.342585E-4
5/7/2021  09:47:50.889125,4.986079E+0,4.977056E+0,5.565042E-4
5/7/2021  09:47:50.889127,4.985112E+0,4.977056E+0,5.565042E-4
5/7/2021  09:47:50.889130,4.985112E+0,4.976733E+0,8.787499E-4
5/7/2021  09:47:50.889132,4.984468E+0,4.977056E+0,5.565042E-4
5/7/2021  09:47:50.889135,4.987046E+0,4.976411E+0,5.565042E-4
5/7/2021  09:47:50.889137,4.986079E+0,4.976411E+0,-8.798718E-5
5/7/2021  09:47:50.889140,4.986079E+0,4.976733E+0,5.565042E-4
5/7/2021  09:47:50.889142,4.988012E+0,4.976733E+0,1.200996E-3
5/7/2021  09:47:50.889145,4.986723E+0,4.976733E+0,8.787499E-4
5/7/2021  09:47:50.889147,4.986723E+0,4.976733E+0,5.565042E-4
5/7/2021  09:47:50.889150,4.985434E+0,4.977056E+0,2.342585E-4
5/7/2021  09:47:50.889152,4.987368E+0,4.977056E+0,8.787499E-4
5/7/2021  09:47:50.889155,4.986079E+0,4.977056E+0,2.342585E-4
5/7/2021  09:47:50.889157,4.986401E+0,4.976733E+0,5.565042E-4
5/7/2021  09:47:50.889160,4.986723E+0,4.976733E+0,5.565042E-4
5/7/2021  09:47:50.889162,4.985757E+0,4.977056E+0,8.787499E-4
5/7/2021  09:47:50.889165,4.986079E+0,4.977378E+0,5.565042E-4
5/7/2021  09:47:50.889167,4.985434E+0,4.977056E+0,2.342585E-4
5/7/2021  09:47:50.889170,4.984468E+0,4.976733E+0,8.787499E-4
5/7/2021  09:47:50.889172,4.988335E+0,4.977056E+0,8.787499E-4
5/7/2021  09:47:50.889175,4.985112E+0,4.976733E+0,8.787499E-4
5/7/2021  09:47:50.889177,4.984145E+0,4.977056E+0,5.565042E-4
5/7/2021  09:47:50.889180,4.985757E+0,4.977056E+0,2.342585E-4
5/7/2021  09:47:50.889182,4.985112E+0,4.977056E+0,8.787499E-4
5/7/2021  09:47:50.889185,4.984145E+0,4.976733E+0,2.342585E-4
5/7/2021  09:47:50.889187,4.987368E+0,4.976733E+0,5.565042E-4
5/7/2021  09:47:50.889190,4.987046E+0,4.976411E+0,5.565042E-4
5/7/2021  09:47:50.889192,4.986401E+0,4.976733E+0,5.565042E-4
5/7/2021  09:47:50.889195,4.986401E+0,4.976089E+0,2.342585E-4
5/7/2021  09:47:50.889197,4.986401E+0,4.976089E+0,5.565042E-4
5/7/2021  09:47:50.889200,4.985757E+0,4.976411E+0,2.342585E-4
5/7/2021  09:47:50.889202,4.986079E+0,4.976089E+0,5.565042E-4
5/7/2021  09:47:50.889205,4.984790E+0,4.976733E+0,5.565042E-4
5/7/2021  09:47:50.889207,4.987368E+0,4.976733E+0,5.565042E-4
5/7/2021  09:47:50.889210,4.987046E+0,4.976733E+0,5.565042E-4
5/7/2021  09:47:50.889212,4.985112E+0,4.977056E+0,8.787499E-4
5/7/2021  09:47:50.889215,4.986401E+0,4.977056E+0,5.565042E-4
5/7/2021  09:47:50.889217,4.987690E+0,4.977378E+0,8.787499E-4
5/7/2021  09:47:50.889220,4.988335E+0,4.977378E+0,1.200996E-3
5/7/2021  09:47:50.889222,4.985112E+0,4.977700E+0,8.787499E-4
5/7/2021  09:47:50.889225,4.988012E+0,4.977378E+0,2.342585E-4
5/7/2021  09:47:50.889227,4.986079E+0,4.978022E+0,5.565042E-4
5/7/2021  09:47:50.889230,4.985757E+0,4.977700E+0,8.787499E-4
5/7/2021  09:47:50.889232,4.986723E+0,4.978345E+0,2.342585E-4
5/7/2021  09:47:50.889235,4.986079E+0,4.978022E+0,2.342585E-4
5/7/2021  09:47:50.889237,4.984790E+0,4.978022E+0,2.342585E-4
5/7/2021  09:47:50.889240,4.987368E+0,4.977700E+0,-8.798718E-5
5/7/2021  09:47:50.889242,4.989301E+0,4.978022E+0,8.787499E-4
5/7/2021  09:47:50.889245,4.987690E+0,4.977700E+0,8.787499E-4
5/7/2021  09:47:50.889247,4.988335E+0,4.977700E+0,5.565042E-4
5/7/2021  09:47:50.889250,4.986401E+0,4.978022E+0,8.787499E-4
5/7/2021  09:47:50.889252,4.986079E+0,4.977378E+0,8.787499E-4
5/7/2021  09:47:50.889255,4.988012E+0,4.977378E+0,5.565042E-4
5/7/2021  09:47:50.889257,4.985757E+0,4.977056E+0,-8.798718E-5
5/7/2021  09:47:50.889260,4.985112E+0,4.977378E+0,8.787499E-4
5/7/2021  09:47:50.889262,4.986401E+0,4.977056E+0,-8.798718E-5
5/7/2021  09:47:50.889265,4.986723E+0,4.976411E+0,8.787499E-4
5/7/2021  09:47:50.889267,4.984790E+0,4.977056E+0,2.342585E-4
5/7/2021  09:47:50.889270,4.987368E+0,4.977378E+0,5.565042E-4
5/7/2021  09:47:50.889272,4.987046E+0,4.977056E+0,8.787499E-4
5/7/2021  09:47:50.889275,4.986079E+0,4.976733E+0,5.565042E-4
5/7/2021  09:47:50.889277,4.986401E+0,4.976411E+0,8.787499E-4
5/7/2021  09:47:50.889280,4.988335E+0,4.976733E+0,5.565042E-4
5/7/2021  09:47:50.889282,4.986079E+0,4.977056E+0,2.342585E-4
5/7/2021  09:47:50.889285,4.986079E+0,4.976733E+0,2.342585E-4
5/7/2021  09:47:50.889287,4.986723E+0,4.976733E+0,8.787499E-4
5/7/2021  09:47:50.889290,4.984790E+0,4.976733E+0,8.787499E-4
5/7/2021  09:47:50.889292,4.985757E+0,4.976733E+0,8.787499E-4
5/7/2021  09:47:50.889295,4.986401E+0,4.977056E+0,5.565042E-4
5/7/2021  09:47:50.889297,4.986723E+0,4.977378E+0,5.565042E-4
5/7/2021  09:47:50.889300,4.986401E+0,4.976411E+0,5.565042E-4
5/7/2021  09:47:50.889302,4.985757E+0,4.976411E+0,5.565042E-4
5/7/2021  09:47:50.889305,4.985112E+0,4.976733E+0,8.787499E-4
5/7/2021  09:47:50.889307,4.986723E+0,4.976411E+0,2.342585E-4
5/7/2021  09:47:50.889310,4.987046E+0,4.976733E+0,8.787499E-4
5/7/2021  09:47:50.889312,4.988012E+0,4.977056E+0,5.565042E-4
5/7/2021  09:47:50.889315,4.986401E+0,4.977056E+0,2.342585E-4
5/7/2021  09:47:50.889317,4.986401E+0,4.977056E+0,-8.798718E-5
5/7/2021  09:47:50.889320,4.984145E+0,4.977378E+0,1.200996E-3
5/7/2021  09:47:50.889322,4.985434E+0,4.976733E+0,8.787499E-4
5/7/2021  09:47:50.889325,4.988012E+0,4.976411E+0,5.565042E-4
5/7/2021  09:47:50.889327,4.987368E+0,4.976733E+0,5.565042E-4
5/7/2021  09:47:50.889330,4.985434E+0,4.977056E+0,8.787499E-4
5/7/2021  09:47:50.889332,4.985434E+0,4.977700E+0,5.565042E-4
5/7/2021  09:47:50.889335,4.986401E+0,4.977056E+0,8.787499E-4
5/7/2021  09:47:50.889337,4.985757E+0,4.976733E+0,5.565042E-4
5/7/2021  09:47:50.889340,4.987368E+0,4.977378E+0,5.565042E-4
5/7/2021  09:47:50.889342,4.985757E+0,4.977056E+0,8.787499E-4
5/7/2021  09:47:50.889345,4.986401E+0,4.977378E+0,5.565042E-4
5/7/2021  09:47:50.889347,4.987046E+0,4.977056E+0,8.787499E-4
5/7/2021  09:47:50.889350,4.986079E+0,4.977378E+0,2.342585E-4
5/7/2021  09:47:50.889352,4.987046E+0,4.977378E+0,5.565042E-4
5/7/2021  09:47:50.889355,4.986079E+0,4.977056E+0,8.787499E-4
5/7/2021  09:47:50.889357,4.986079E+0,4.977056E+0,5.565042E-4
5/7/2021  09:47:50.889360,4.985112E+0,4.976733E+0,8.787499E-4
5/7/2021  09:47:50.889362,4.985434E+0,4.976733E+0,5.565042E-4
5/7/2021  09:47:50.889365,4.986079E+0,4.976733E+0,2.342585E-4
5/7/2021  09:47:50.889367,4.986723E+0,4.977378E+0,2.342585E-4
5/7/2021  09:47:50.889370,4.987690E+0,4.976733E+0,5.565042E-4
5/7/2021  09:47:50.889372,4.987368E+0,4.976733E+0,1.200996E-3
5/7/2021  09:47:50.889375,4.985757E+0,4.976411E+0,2.342585E-4
5/7/2021  09:47:50.889377,4.986723E+0,4.977056E+0,5.565042E-4
5/7/2021  09:47:50.889380,4.985757E+0,4.977056E+0,5.565042E-4
5/7/2021  09:47:50.889382,4.986401E+0,4.976733E+0,5.565042E-4
5/7/2021  09:47:50.889385,4.987046E+0,4.976733E+0,8.787499E-4
5/7/2021  09:47:50.889387,4.987046E+0,4.977056E+0,5.565042E-4
5/7/2021  09:47:50.889390,4.986079E+0,4.977056E+0,2.342585E-4
5/7/2021  09:47:50.889392,4.985112E+0,4.977056E+0,1.200996E-3
5/7/2021  09:47:50.889395,4.987046E+0,4.977056E+0,8.787499E-4
5/7/2021  09:47:50.889397,4.987368E+0,4.977378E+0,8.787499E-4
5/7/2021  09:47:50.889400,4.987046E+0,4.977056E+0,5.565042E-4
5/7/2021  09:47:50.889402,4.987046E+0,4.977378E+0,8.787499E-4
5/7/2021  09:47:50.889405,4.985757E+0,4.977700E+0,5.565042E-4
5/7/2021  09:47:50.889407,4.985434E+0,4.978022E+0,2.342585E-4
5/7/2021  09:47:50.889410,4.985434E+0,4.977378E+0,5.565042E-4
5/7/2021  09:47:50.889412,4.985112E+0,4.978022E+0,5.565042E-4
5/7/2021  09:47:50.889415,4.985757E+0,4.977378E+0,2.342585E-4
5/7/2021  09:47:50.889417,4.988012E+0,4.977700E+0,5.565042E-4
5/7/2021  09:47:50.889420,4.985112E+0,4.977700E+0,5.565042E-4
5/7/2021  09:47:50.889422,4.986723E+0,4.977700E+0,8.787499E-4
5/7/2021  09:47:50.889425,4.985434E+0,4.977056E+0,5.565042E-4
5/7/2021  09:47:50.889427,4.986079E+0,4.977378E+0,2.342585E-4
5/7/2021  09:47:50.889430,4.987046E+0,4.977378E+0,2.342585E-4
5/7/2021  09:47:50.889432,4.986079E+0,4.977056E+0,-8.798718E-5
5/7/2021  09:47:50.889435,4.987046E+0,4.977378E+0,5.565042E-4
5/7/2021  09:47:50.889437,4.987046E+0,4.977056E+0,8.787499E-4
5/7/2021  09:47:50.889440,4.985757E+0,4.977378E+0,8.787499E-4
5/7/2021  09:47:50.889442,4.985757E+0,4.977056E+0,8.787499E-4
5/7/2021  09:47:50.889445,4.987046E+0,4.976411E+0,5.565042E-4
5/7/2021  09:47:50.889447,4.987046E+0,4.977700E+0,8.787499E-4
5/7/2021  09:47:50.889450,4.986723E+0,4.977056E+0,5.565042E-4
5/7/2021  09:47:50.889452,4.986401E+0,4.977056E+0,5.565042E-4
5/7/2021  09:47:50.889455,4.987046E+0,4.976733E+0,5.565042E-4
5/7/2021  09:47:50.889457,4.987368E+0,4.977378E+0,2.342585E-4
5/7/2021  09:47:50.889460,4.986401E+0,4.976733E+0,1.200996E-3
5/7/2021  09:47:50.889462,4.986723E+0,4.977056E+0,2.342585E-4
5/7/2021  09:47:50.889465,4.985757E+0,4.976733E+0,5.565042E-4
5/7/2021  09:47:50.889467,4.985434E+0,4.977056E+0,5.565042E-4
5/7/2021  09:47:50.889470,4.985757E+0,4.977056E+0,5.565042E-4
5/7/2021  09:47:50.889472,4.986723E+0,4.978022E+0,5.565042E-4
5/7/2021  09:47:50.889475,4.987046E+0,4.977056E+0,5.565042E-4
5/7/2021  09:47:50.889477,4.986723E+0,4.977378E+0,-8.798718E-5
5/7/2021  09:47:50.889480,4.984468E+0,4.977378E+0,5.565042E-4
5/7/2021  09:47:50.889482,4.986723E+0,4.977378E+0,-8.798718E-5
5/7/2021  09:47:50.889485,4.987046E+0,4.977700E+0,2.342585E-4
5/7/2021  09:47:50.889487,4.985112E+0,4.977378E+0,8.787499E-4
5/7/2021  09:47:50.889490,4.987368E+0,4.977700E+0,8.787499E-4
5/7/2021  09:47:50.889492,4.986401E+0,4.977056E+0,8.787499E-4
5/7/2021  09:47:50.889495,4.987046E+0,4.977700E+0,8.787499E-4
5/7/2021  09:47:50.889497,4.988012E+0,4.976733E+0,8.787499E-4
5/7/2021  09:47:50.889500,4.985757E+0,4.977700E+0,5.565042E-4
5/7/2021  09:47:50.889502,4.986723E+0,4.977378E+0,5.565042E-4
5/7/2021  09:47:50.889505,4.987046E+0,4.977378E+0,-8.798718E-5
5/7/2021  09:47:50.889507,4.987690E+0,4.977378E+0,5.565042E-4
5/7/2021  09:47:50.889510,4.984468E+0,4.977378E+0,5.565042E-4
5/7/2021  09:47:50.889512,4.984790E+0,4.977056E+0,8.787499E-4
5/7/2021  09:47:50.889515,4.985434E+0,4.977700E+0,8.787499E-4
5/7/2021  09:47:50.889517,4.985434E+0,4.977378E+0,8.787499E-4
5/7/2021  09:47:50.889520,4.987368E+0,4.977056E+0,2.342585E-4
5/7/2021  09:47:50.889522,4.988012E+0,4.977056E+0,2.342585E-4
5/7/2021  09:47:50.889525,4.987368E+0,4.976733E+0,2.342585E-4
5/7/2021  09:47:50.889527,4.987368E+0,4.977056E+0,5.565042E-4
5/7/2021  09:47:50.889530,4.986079E+0,4.976733E+0,8.787499E-4
5/7/2021  09:47:50.889532,4.985434E+0,4.977700E+0,8.787499E-4
5/7/2021  09:47:50.889535,4.987368E+0,4.977056E+0,5.565042E-4
5/7/2021  09:47:50.889537,4.985112E+0,4.977056E+0,2.342585E-4
5/7/2021  09:47:50.889540,4.987368E+0,4.977056E+0,2.342585E-4
5/7/2021  09:47:50.889542,4.986401E+0,4.977056E+0,5.565042E-4
5/7/2021  09:47:50.889545,4.987368E+0,4.976733E+0,8.787499E-4
5/7/2021  09:47:50.889547,4.985757E+0,4.977056E+0,2.342585E-4
5/7/2021  09:47:50.889550,4.984468E+0,4.977056E+0,8.787499E-4
5/7/2021  09:47:50.889552,4.985434E+0,4.977056E+0,2.342585E-4
5/7/2021  09:47:50.889555,4.987368E+0,4.977056E+0,2.342585E-4
5/7/2021  09:47:50.889557,4.985757E+0,4.976733E+0,-8.798718E-5
5/7/2021  09:47:50.889560,4.986401E+0,4.977056E+0,8.787499E-4
5/7/2021  09:47:50.889562,4.986079E+0,4.976733E+0,2.342585E-4
5/7/2021  09:47:50.889565,4.986723E+0,4.977056E+0,5.565042E-4
5/7/2021  09:47:50.889567,4.985757E+0,4.976733E+0,2.342585E-4
5/7/2021  09:47:50.889570,4.986401E+0,4.976733E+0,8.787499E-4
5/7/2021  09:47:50.889572,4.987046E+0,4.976733E+0,5.565042E-4
5/7/2021  09:47:50.889575,4.988012E+0,4.977056E+0,2.342585E-4
5/7/2021  09:47:50.889577,4.987690E+0,4.977700E+0,8.787499E-4
5/7/2021  09:47:50.889580,4.987046E+0,4.977378E+0,5.565042E-4
5/7/2021  09:47:50.889582,4.987046E+0,4.977056E+0,8.787499E-4
5/7/2021  09:47:50.889585,4.987046E+0,4.977378E+0,8.787499E-4
5/7/2021  09:47:50.889587,4.987368E+0,4.977700E+0,2.342585E-4
5/7/2021  09:47:50.889590,4.988012E+0,4.978345E+0,5.565042E-4
5/7/2021  09:47:50.889592,4.986723E+0,4.978345E+0,5.565042E-4
5/7/2021  09:47:50.889595,4.987046E+0,4.978022E+0,5.565042E-4
5/7/2021  09:47:50.889597,4.987046E+0,4.978022E+0,8.787499E-4
5/7/2021  09:47:50.889600,4.988012E+0,4.978022E+0,8.787499E-4
5/7/2021  09:47:50.889602,4.986723E+0,4.978022E+0,5.565042E-4
5/7/2021  09:47:50.889605,4.986401E+0,4.978022E+0,8.787499E-4
5/7/2021  09:47:50.889607,4.986723E+0,4.978345E+0,5.565042E-4
5/7/2021  09:47:50.889610,4.987368E+0,4.978667E+0,5.565042E-4
5/7/2021  09:47:50.889612,4.986401E+0,4.978345E+0,8.787499E-4
5/7/2021  09:47:50.889615,4.986723E+0,4.978022E+0,5.565042E-4
5/7/2021  09:47:50.889617,4.985757E+0,4.978022E+0,2.342585E-4
5/7/2021  09:47:50.889620,4.987690E+0,4.978022E+0,1.200996E-3
5/7/2021  09:47:50.889622,4.987690E+0,4.978345E+0,8.787499E-4
5/7/2021  09:47:50.889625,4.986401E+0,4.978022E+0,2.342585E-4
5/7/2021  09:47:50.889627,4.986079E+0,4.977700E+0,8.787499E-4
5/7/2021  09:47:50.889630,4.986079E+0,4.978022E+0,2.342585E-4
5/7/2021  09:47:50.889632,4.986723E+0,4.977700E+0,5.565042E-4
5/7/2021  09:47:50.889635,4.986079E+0,4.977378E+0,5.565042E-4
5/7/2021  09:47:50.889637,4.987046E+0,4.977056E+0,2.342585E-4
5/7/2021  09:47:50.889640,4.985434E+0,4.977056E+0,2.342585E-4
5/7/2021  09:47:50.889642,4.986401E+0,4.977056E+0,8.787499E-4
5/7/2021  09:47:50.889645,4.988335E+0,4.977056E+0,8.787499E-4
5/7/2021  09:47:50.889647,4.986401E+0,4.977056E+0,2.342585E-4
5/7/2021  09:47:50.889650,4.986401E+0,4.976733E+0,2.342585E-4
5/7/2021  09:47:50.889652,4.986723E+0,4.976733E+0,2.342585E-4
5/7/2021  09:47:50.889655,4.987690E+0,4.977056E+0,5.565042E-4
5/7/2021  09:47:50.889657,4.984790E+0,4.977056E+0,5.565042E-4
5/7/2021  09:47:50.889660,4.988012E+0,4.976411E+0,5.565042E-4
5/7/2021  09:47:50.889662,4.984790E+0,4.976411E+0,8.787499E-4
5/7/2021  09:47:50.889665,4.987046E+0,4.977056E+0,8.787499E-4
5/7/2021  09:47:50.889667,4.984468E+0,4.976733E+0,5.565042E-4
5/7/2021  09:47:50.889670,4.984790E+0,4.977378E+0,8.787499E-4
5/7/2021  09:47:50.889672,4.988657E+0,4.977056E+0,5.565042E-4
5/7/2021  09:47:50.889675,4.984790E+0,4.977056E+0,8.787499E-4
5/7/2021  09:47:50.889677,4.986079E+0,4.977378E+0,8.787499E-4
5/7/2021  09:47:50.889680,4.987368E+0,4.977378E+0,2.342585E-4
5/7/2021  09:47:50.889682,4.987046E+0,4.977700E+0,8.787499E-4
5/7/2021  09:47:50.889685,4.987368E+0,4.977700E+0,8.787499E-4
5/7/2021  09:47:50.889687,4.985434E+0,4.977378E+0,5.565042E-4
5/7/2021  09:47:50.889690,4.986401E+0,4.977700E+0,8.787499E-4
5/7/2021  09:47:50.889692,4.985434E+0,4.978022E+0,8.787499E-4
5/7/2021  09:47:50.889695,4.987368E+0,4.977378E+0,2.342585E-4
5/7/2021  09:47:50.889697,4.985757E+0,4.977700E+0,5.565042E-4
5/7/2021  09:47:50.889700,4.985757E+0,4.978022E+0,8.787499E-4
5/7/2021  09:47:50.889702,4.986401E+0,4.977056E+0,8.787499E-4
5/7/2021  09:47:50.889705,4.985757E+0,4.977378E+0,5.565042E-4
5/7/2021  09:47:50.889707,4.986723E+0,4.977056E+0,5.565042E-4
5/7/2021  09:47:50.889710,4.986401E+0,4.977378E+0,8.787499E-4
5/7/2021  09:47:50.889712,4.986079E+0,4.977378E+0,8.787499E-4
5/7/2021  09:47:50.889715,4.986401E+0,4.977378E+0,5.565042E-4
5/7/2021  09:47:50.889717,4.986401E+0,4.977378E+0,5.565042E-4
5/7/2021  09:47:50.889720,4.987368E+0,4.977378E+0,5.565042E-4
5/7/2021  09:47:50.889722,4.986723E+0,4.977056E+0,5.565042E-4
5/7/2021  09:47:50.889725,4.986723E+0,4.977378E+0,5.565042E-4
5/7/2021  09:47:50.889727,4.986723E+0,4.977378E+0,1.200996E-3
5/7/2021  09:47:50.889730,4.986079E+0,4.977056E+0,-8.798718E-5
5/7/2021  09:47:50.889732,4.988979E+0,4.978022E+0,8.787499E-4
5/7/2021  09:47:50.889735,4.985434E+0,4.978345E+0,5.565042E-4
5/7/2021  09:47:50.889737,4.989624E+0,4.978022E+0,5.565042E-4
5/7/2021  09:47:50.889740,4.986079E+0,4.978022E+0,8.787499E-4
5/7/2021  09:47:50.889742,4.988335E+0,4.978345E+0,8.787499E-4
5/7/2021  09:47:50.889745,4.987368E+0,4.978345E+0,8.787499E-4
5/7/2021  09:47:50.889747,4.984468E+0,4.979311E+0,5.565042E-4
5/7/2021  09:47:50.889750,4.987690E+0,4.978345E+0,2.342585E-4
5/7/2021  09:47:50.889752,4.986079E+0,4.978667E+0,2.342585E-4
5/7/2021  09:47:50.889755,4.988012E+0,4.978667E+0,5.565042E-4
5/7/2021  09:47:50.889757,4.987690E+0,4.978667E+0,-8.798718E-5
5/7/2021  09:47:50.889760,4.987368E+0,4.978345E+0,2.342585E-4
5/7/2021  09:47:50.889762,4.986401E+0,4.978022E+0,5.565042E-4
5/7/2021  09:47:50.889765,4.988335E+0,4.978022E+0,5.565042E-4
5/7/2021  09:47:50.889767,4.985757E+0,4.977378E+0,2.342585E-4
5/7/2021  09:47:50.889770,4.987368E+0,4.978022E+0,5.565042E-4
5/7/2021  09:47:50.889772,4.988335E+0,4.977056E+0,8.787499E-4
5/7/2021  09:47:50.889775,4.986079E+0,4.977056E+0,5.565042E-4
5/7/2021  09:47:50.889777,4.986401E+0,4.977378E+0,8.787499E-4
5/7/2021  09:47:50.889780,4.987368E+0,4.977056E+0,5.565042E-4
5/7/2021  09:47:50.889782,4.985112E+0,4.977378E+0,-8.798718E-5
5/7/2021  09:47:50.889785,4.986079E+0,4.977056E+0,2.342585E-4
5/7/2021  09:47:50.889787,4.987690E+0,4.976733E+0,8.787499E-4
5/7/2021  09:47:50.889790,4.986723E+0,4.977056E+0,5.565042E-4
5/7/2021  09:47:50.889792,4.987368E+0,4.977378E+0,5.565042E-4
5/7/2021  09:47:50.889795,4.987046E+0,4.977378E+0,5.565042E-4
5/7/2021  09:47:50.889797,4.985757E+0,4.977378E+0,5.565042E-4
5/7/2021  09:47:50.889800,4.986401E+0,4.976733E+0,8.787499E-4
5/7/2021  09:47:50.889802,4.986401E+0,4.977378E+0,5.565042E-4
5/7/2021  09:47:50.889805,4.986401E+0,4.977378E+0,8.787499E-4
5/7/2021  09:47:50.889807,4.985757E+0,4.978022E+0,8.787499E-4
5/7/2021  09:47:50.889810,4.987046E+0,4.977700E+0,8.787499E-4
5/7/2021  09:47:50.889812,4.985434E+0,4.977378E+0,8.787499E-4
5/7/2021  09:47:50.889815,4.988012E+0,4.977700E+0,5.565042E-4
5/7/2021  09:47:50.889817,4.985434E+0,4.978022E+0,-8.798718E-5
5/7/2021  09:47:50.889820,4.987046E+0,4.977700E+0,5.565042E-4
5/7/2021  09:47:50.889822,4.985757E+0,4.978022E+0,-8.798718E-5
5/7/2021  09:47:50.889825,4.986401E+0,4.977056E+0,5.565042E-4
5/7/2021  09:47:50.889827,4.984790E+0,4.977378E+0,5.565042E-4
5/7/2021  09:47:50.889830,4.986079E+0,4.977378E+0,5.565042E-4
5/7/2021  09:47:50.889832,4.985112E+0,4.977056E+0,5.565042E-4
5/7/2021  09:47:50.889835,4.986723E+0,4.976411E+0,5.565042E-4
5/7/2021  09:47:50.889837,4.985434E+0,4.976733E+0,8.787499E-4
5/7/2021  09:47:50.889840,4.987046E+0,4.976733E+0,5.565042E-4
5/7/2021  09:47:50.889842,4.986401E+0,4.976733E+0,5.565042E-4
5/7/2021  09:47:50.889845,4.986079E+0,4.976411E+0,5.565042E-4
5/7/2021  09:47:50.889847,4.986723E+0,4.976733E+0,2.342585E-4
5/7/2021  09:47:50.889850,4.988335E+0,4.976411E+0,5.565042E-4
5/7/2021  09:47:50.889852,4.988335E+0,4.976411E+0,8.787499E-4
5/7/2021  09:47:50.889855,4.986723E+0,4.976411E+0,8.787499E-4
5/7/2021  09:47:50.889857,4.986079E+0,4.976411E+0,5.565042E-4
5/7/2021  09:47:50.889860,4.986401E+0,4.976411E+0,8.787499E-4
5/7/2021  09:47:50.889862,4.988657E+0,4.976733E+0,5.565042E-4
5/7/2021  09:47:50.889865,4.985757E+0,4.977056E+0,8.787499E-4
5/7/2021  09:47:50.889867,4.983823E+0,4.977378E+0,8.787499E-4
5/7/2021  09:47:50.889870,4.986401E+0,4.977056E+0,5.565042E-4
5/7/2021  09:47:50.889872,4.986079E+0,4.977056E+0,5.565042E-4
5/7/2021  09:47:50.889875,4.986401E+0,4.977378E+0,5.565042E-4
5/7/2021  09:47:50.889877,4.984145E+0,4.976733E+0,2.342585E-4
5/7/2021  09:47:50.889880,4.987690E+0,4.977378E+0,5.565042E-4
5/7/2021  09:47:50.889882,4.987368E+0,4.978022E+0,8.787499E-4
5/7/2021  09:47:50.889885,4.985112E+0,4.977700E+0,2.342585E-4
5/7/2021  09:47:50.889887,4.986079E+0,4.977378E+0,8.787499E-4
5/7/2021  09:47:50.889890,4.986723E+0,4.978022E+0,1.200996E-3
5/7/2021  09:47:50.889892,4.987690E+0,4.978022E+0,2.342585E-4
5/7/2021  09:47:50.889895,4.987046E+0,4.977700E+0,2.342585E-4
5/7/2021  09:47:50.889897,4.987368E+0,4.978022E+0,2.342585E-4
5/7/2021  09:47:50.889900,4.986723E+0,4.978022E+0,5.565042E-4
5/7/2021  09:47:50.889902,4.989301E+0,4.978022E+0,5.565042E-4
5/7/2021  09:47:50.889905,4.986401E+0,4.978022E+0,8.787499E-4
5/7/2021  09:47:50.889907,4.986723E+0,4.977378E+0,5.565042E-4
5/7/2021  09:47:50.889910,4.988012E+0,4.977700E+0,5.565042E-4
5/7/2021  09:47:50.889912,4.987368E+0,4.977700E+0,5.565042E-4
5/7/2021  09:47:50.889915,4.988012E+0,4.977378E+0,2.342585E-4
5/7/2021  09:47:50.889917,4.987690E+0,4.977056E+0,5.565042E-4
5/7/2021  09:47:50.889920,4.986723E+0,4.977378E+0,5.565042E-4
5/7/2021  09:47:50.889922,4.987690E+0,4.977700E+0,8.787499E-4
5/7/2021  09:47:50.889925,4.987690E+0,4.977378E+0,2.342585E-4
5/7/2021  09:47:50.889927,4.988335E+0,4.977700E+0,8.787499E-4
5/7/2021  09:47:50.889930,4.985434E+0,4.977378E+0,8.787499E-4
5/7/2021  09:47:50.889932,4.984145E+0,4.977378E+0,5.565042E-4
5/7/2021  09:47:50.889935,4.975767E+0,4.977056E+0,-7.324786E-4
